segment	0	((-2 : ℚ) / 1)	((-63 : ℚ) / 32)	5	0	1
segment	1	((-63 : ℚ) / 32)	((-31 : ℚ) / 16)	5	0	1
segment	2	((-31 : ℚ) / 16)	((-61 : ℚ) / 32)	5	0	1
segment	3	((-61 : ℚ) / 32)	((-15 : ℚ) / 8)	5	0	1
segment	4	((-15 : ℚ) / 8)	((-59 : ℚ) / 32)	5	0	1
segment	5	((-59 : ℚ) / 32)	((-29 : ℚ) / 16)	5	0	1
segment	6	((-29 : ℚ) / 16)	((-57 : ℚ) / 32)	5	0	1
segment	7	((-57 : ℚ) / 32)	((-7 : ℚ) / 4)	5	0	3
segment	8	((-7 : ℚ) / 4)	((-111 : ℚ) / 64)	4	0	1
segment	9	((-111 : ℚ) / 64)	((-55 : ℚ) / 32)	4	0	3
segment	10	((-55 : ℚ) / 32)	((-109 : ℚ) / 64)	4	0	3
segment	11	((-109 : ℚ) / 64)	((-217 : ℚ) / 128)	3	0	1
segment	12	((-217 : ℚ) / 128)	((-27 : ℚ) / 16)	3	0	3
segment	13	((-27 : ℚ) / 16)	((-215 : ℚ) / 128)	3	0	3
segment	14	((-215 : ℚ) / 128)	((-429 : ℚ) / 256)	2	0	3
segment	15	((-429 : ℚ) / 256)	((-107 : ℚ) / 64)	2	0	3
segment	16	((-107 : ℚ) / 64)	((-855 : ℚ) / 512)	1	0	3
segment	17	((-855 : ℚ) / 512)	((-427 : ℚ) / 256)	1	4334796552374624	3
segment	18	((-427 : ℚ) / 256)	((-853 : ℚ) / 512)	1	120491030630519069	3
segment	19	((-853 : ℚ) / 512)	((-213 : ℚ) / 128)	1	77301130385836613	3
segment	20	((-213 : ℚ) / 128)	((-851 : ℚ) / 512)	1	0	3
segment	21	((-851 : ℚ) / 512)	((-425 : ℚ) / 256)	1	0	3
segment	22	((-425 : ℚ) / 256)	((-849 : ℚ) / 512)	1	10304716515353294	3
segment	23	((-849 : ℚ) / 512)	((-53 : ℚ) / 32)	1	9990664115586605	3
segment	24	((-53 : ℚ) / 32)	((-847 : ℚ) / 512)	1	0	3
segment	25	((-847 : ℚ) / 512)	((-423 : ℚ) / 256)	1	0	3
segment	26	((-423 : ℚ) / 256)	((-845 : ℚ) / 512)	1	2969151263325985	3
segment	27	((-845 : ℚ) / 512)	((-211 : ℚ) / 128)	1	5556095088395974	3
segment	28	((-211 : ℚ) / 128)	((-843 : ℚ) / 512)	1	0	3
segment	29	((-843 : ℚ) / 512)	((-421 : ℚ) / 256)	1	0	3
segment	30	((-421 : ℚ) / 256)	((-841 : ℚ) / 512)	1	11969615944160286	3
segment	31	((-841 : ℚ) / 512)	((-105 : ℚ) / 64)	1	35843204132629735	3
segment	32	((-105 : ℚ) / 64)	((-839 : ℚ) / 512)	1	7596691575569082	3
segment	33	((-839 : ℚ) / 512)	((-419 : ℚ) / 256)	1	0	3
segment	34	((-419 : ℚ) / 256)	((-837 : ℚ) / 512)	1	0	3
segment	35	((-837 : ℚ) / 512)	((-209 : ℚ) / 128)	1	0	3
segment	36	((-209 : ℚ) / 128)	((-835 : ℚ) / 512)	1	0	3
segment	37	((-835 : ℚ) / 512)	((-417 : ℚ) / 256)	1	0	3
segment	38	((-417 : ℚ) / 256)	((-833 : ℚ) / 512)	1	0	3
segment	39	((-833 : ℚ) / 512)	((-13 : ℚ) / 8)	1	0	3
segment	40	((-13 : ℚ) / 8)	((-831 : ℚ) / 512)	1	0	3
segment	41	((-831 : ℚ) / 512)	((-415 : ℚ) / 256)	1	0	3
segment	42	((-415 : ℚ) / 256)	((-829 : ℚ) / 512)	1	0	3
segment	43	((-829 : ℚ) / 512)	((-207 : ℚ) / 128)	1	0	3
segment	44	((-207 : ℚ) / 128)	((-827 : ℚ) / 512)	1	0	3
segment	45	((-827 : ℚ) / 512)	((-413 : ℚ) / 256)	1	0	3
segment	46	((-413 : ℚ) / 256)	((-825 : ℚ) / 512)	1	0	3
segment	47	((-825 : ℚ) / 512)	((-103 : ℚ) / 64)	1	0	3
segment	48	((-103 : ℚ) / 64)	((-823 : ℚ) / 512)	1	0	3
segment	49	((-823 : ℚ) / 512)	((-411 : ℚ) / 256)	1	0	3
segment	50	((-411 : ℚ) / 256)	((-821 : ℚ) / 512)	1	0	3
segment	51	((-821 : ℚ) / 512)	((-205 : ℚ) / 128)	1	0	3
segment	52	((-205 : ℚ) / 128)	((-819 : ℚ) / 512)	1	0	3
segment	53	((-819 : ℚ) / 512)	((-409 : ℚ) / 256)	1	0	3
segment	54	((-409 : ℚ) / 256)	((-817 : ℚ) / 512)	1	0	3
segment	55	((-817 : ℚ) / 512)	((-51 : ℚ) / 32)	1	0	3
segment	56	((-51 : ℚ) / 32)	((-815 : ℚ) / 512)	1	0	3
segment	57	((-815 : ℚ) / 512)	((-407 : ℚ) / 256)	1	0	3
segment	58	((-407 : ℚ) / 256)	((-813 : ℚ) / 512)	1	0	3
segment	59	((-813 : ℚ) / 512)	((-203 : ℚ) / 128)	1	0	3
segment	60	((-203 : ℚ) / 128)	((-811 : ℚ) / 512)	1	0	3
segment	61	((-811 : ℚ) / 512)	((-405 : ℚ) / 256)	1	0	3
segment	62	((-405 : ℚ) / 256)	((-809 : ℚ) / 512)	1	0	3
segment	63	((-809 : ℚ) / 512)	((-101 : ℚ) / 64)	1	0	3
segment	64	((-101 : ℚ) / 64)	((-807 : ℚ) / 512)	1	0	3
segment	65	((-807 : ℚ) / 512)	((-403 : ℚ) / 256)	1	0	3
segment	66	((-403 : ℚ) / 256)	((-805 : ℚ) / 512)	1	0	3
segment	67	((-805 : ℚ) / 512)	((-201 : ℚ) / 128)	1	0	3
segment	68	((-201 : ℚ) / 128)	((-803 : ℚ) / 512)	1	0	3
segment	69	((-803 : ℚ) / 512)	((-401 : ℚ) / 256)	1	0	3
segment	70	((-401 : ℚ) / 256)	((-801 : ℚ) / 512)	1	0	3
segment	71	((-801 : ℚ) / 512)	((-25 : ℚ) / 16)	1	0	3
segment	72	((-25 : ℚ) / 16)	((-799 : ℚ) / 512)	1	0	3
segment	73	((-799 : ℚ) / 512)	((-399 : ℚ) / 256)	1	0	3
segment	74	((-399 : ℚ) / 256)	((-797 : ℚ) / 512)	1	0	3
segment	75	((-797 : ℚ) / 512)	((-199 : ℚ) / 128)	1	0	3
segment	76	((-199 : ℚ) / 128)	((-795 : ℚ) / 512)	1	0	3
segment	77	((-795 : ℚ) / 512)	((-397 : ℚ) / 256)	1	0	3
segment	78	((-397 : ℚ) / 256)	((-793 : ℚ) / 512)	1	0	3
segment	79	((-793 : ℚ) / 512)	((-99 : ℚ) / 64)	1	0	3
segment	80	((-99 : ℚ) / 64)	((-791 : ℚ) / 512)	1	0	3
segment	81	((-791 : ℚ) / 512)	((-395 : ℚ) / 256)	1	0	3
segment	82	((-395 : ℚ) / 256)	((-789 : ℚ) / 512)	1	0	3
segment	83	((-789 : ℚ) / 512)	((-197 : ℚ) / 128)	1	0	3
segment	84	((-197 : ℚ) / 128)	((-787 : ℚ) / 512)	1	0	3
segment	85	((-787 : ℚ) / 512)	((-393 : ℚ) / 256)	1	0	3
segment	86	((-393 : ℚ) / 256)	((-785 : ℚ) / 512)	1	0	3
segment	87	((-785 : ℚ) / 512)	((-49 : ℚ) / 32)	1	0	3
segment	88	((-49 : ℚ) / 32)	((-783 : ℚ) / 512)	1	0	3
segment	89	((-783 : ℚ) / 512)	((-391 : ℚ) / 256)	1	0	3
segment	90	((-391 : ℚ) / 256)	((-781 : ℚ) / 512)	1	0	3
segment	91	((-781 : ℚ) / 512)	((-195 : ℚ) / 128)	1	0	3
segment	92	((-195 : ℚ) / 128)	((-779 : ℚ) / 512)	1	0	3
segment	93	((-779 : ℚ) / 512)	((-389 : ℚ) / 256)	1	0	3
segment	94	((-389 : ℚ) / 256)	((-777 : ℚ) / 512)	1	0	3
segment	95	((-777 : ℚ) / 512)	((-97 : ℚ) / 64)	1	0	3
segment	96	((-97 : ℚ) / 64)	((-775 : ℚ) / 512)	1	0	3
segment	97	((-775 : ℚ) / 512)	((-387 : ℚ) / 256)	1	0	3
segment	98	((-387 : ℚ) / 256)	((-773 : ℚ) / 512)	1	0	3
segment	99	((-773 : ℚ) / 512)	((-193 : ℚ) / 128)	1	0	3
segment	100	((-193 : ℚ) / 128)	((-771 : ℚ) / 512)	1	0	3
segment	101	((-771 : ℚ) / 512)	((-385 : ℚ) / 256)	1	0	3
segment	102	((-385 : ℚ) / 256)	((-769 : ℚ) / 512)	1	0	3
segment	103	((-769 : ℚ) / 512)	((-3 : ℚ) / 2)	1	0	3
segment	104	((-3 : ℚ) / 2)	((-767 : ℚ) / 512)	1	0	3
segment	105	((-767 : ℚ) / 512)	((-383 : ℚ) / 256)	1	0	3
segment	106	((-383 : ℚ) / 256)	((-765 : ℚ) / 512)	1	0	3
segment	107	((-765 : ℚ) / 512)	((-191 : ℚ) / 128)	1	0	3
segment	108	((-191 : ℚ) / 128)	((-763 : ℚ) / 512)	1	0	3
segment	109	((-763 : ℚ) / 512)	((-381 : ℚ) / 256)	1	0	3
segment	110	((-381 : ℚ) / 256)	((-761 : ℚ) / 512)	1	0	3
segment	111	((-761 : ℚ) / 512)	((-95 : ℚ) / 64)	1	0	3
segment	112	((-95 : ℚ) / 64)	((-759 : ℚ) / 512)	1	0	3
segment	113	((-759 : ℚ) / 512)	((-379 : ℚ) / 256)	1	0	3
segment	114	((-379 : ℚ) / 256)	((-757 : ℚ) / 512)	1	0	3
segment	115	((-757 : ℚ) / 512)	((-189 : ℚ) / 128)	1	0	3
segment	116	((-189 : ℚ) / 128)	((-755 : ℚ) / 512)	1	0	3
segment	117	((-755 : ℚ) / 512)	((-377 : ℚ) / 256)	1	0	3
segment	118	((-377 : ℚ) / 256)	((-753 : ℚ) / 512)	1	0	3
segment	119	((-753 : ℚ) / 512)	((-47 : ℚ) / 32)	1	0	3
segment	120	((-47 : ℚ) / 32)	((-751 : ℚ) / 512)	1	0	3
segment	121	((-751 : ℚ) / 512)	((-375 : ℚ) / 256)	1	0	3
segment	122	((-375 : ℚ) / 256)	((-749 : ℚ) / 512)	1	0	3
segment	123	((-749 : ℚ) / 512)	((-187 : ℚ) / 128)	1	0	3
segment	124	((-187 : ℚ) / 128)	((-747 : ℚ) / 512)	1	0	3
segment	125	((-747 : ℚ) / 512)	((-373 : ℚ) / 256)	1	0	3
segment	126	((-373 : ℚ) / 256)	((-745 : ℚ) / 512)	1	0	3
segment	127	((-745 : ℚ) / 512)	((-93 : ℚ) / 64)	1	0	3
segment	128	((-93 : ℚ) / 64)	((-743 : ℚ) / 512)	1	0	3
segment	129	((-743 : ℚ) / 512)	((-371 : ℚ) / 256)	1	0	3
segment	130	((-371 : ℚ) / 256)	((-741 : ℚ) / 512)	1	0	3
segment	131	((-741 : ℚ) / 512)	((-185 : ℚ) / 128)	1	0	3
segment	132	((-185 : ℚ) / 128)	((-739 : ℚ) / 512)	1	0	3
segment	133	((-739 : ℚ) / 512)	((-369 : ℚ) / 256)	1	0	3
segment	134	((-369 : ℚ) / 256)	((-737 : ℚ) / 512)	1	0	3
segment	135	((-737 : ℚ) / 512)	((-23 : ℚ) / 16)	1	0	3
segment	136	((-23 : ℚ) / 16)	((-735 : ℚ) / 512)	1	0	3
segment	137	((-735 : ℚ) / 512)	((-367 : ℚ) / 256)	1	0	3
segment	138	((-367 : ℚ) / 256)	((-733 : ℚ) / 512)	1	0	3
segment	139	((-733 : ℚ) / 512)	((-183 : ℚ) / 128)	1	0	3
segment	140	((-183 : ℚ) / 128)	((-731 : ℚ) / 512)	1	0	3
segment	141	((-731 : ℚ) / 512)	((-365 : ℚ) / 256)	1	0	3
segment	142	((-365 : ℚ) / 256)	((-729 : ℚ) / 512)	1	0	3
segment	143	((-729 : ℚ) / 512)	((-91 : ℚ) / 64)	1	0	3
segment	144	((-91 : ℚ) / 64)	((-727 : ℚ) / 512)	1	0	3
segment	145	((-727 : ℚ) / 512)	((-363 : ℚ) / 256)	1	0	3
segment	146	((-363 : ℚ) / 256)	((-725 : ℚ) / 512)	1	0	3
segment	147	((-725 : ℚ) / 512)	((-181 : ℚ) / 128)	1	0	3
segment	148	((-181 : ℚ) / 128)	((-723 : ℚ) / 512)	1	0	3
segment	149	((-723 : ℚ) / 512)	((-361 : ℚ) / 256)	1	0	3
segment	150	((-361 : ℚ) / 256)	((-721 : ℚ) / 512)	1	0	3
segment	151	((-721 : ℚ) / 512)	((-45 : ℚ) / 32)	1	0	3
segment	152	((-45 : ℚ) / 32)	((-719 : ℚ) / 512)	1	0	3
segment	153	((-719 : ℚ) / 512)	((-359 : ℚ) / 256)	1	0	3
segment	154	((-359 : ℚ) / 256)	((-717 : ℚ) / 512)	1	0	3
segment	155	((-717 : ℚ) / 512)	((-179 : ℚ) / 128)	1	0	3
segment	156	((-179 : ℚ) / 128)	((-715 : ℚ) / 512)	1	0	3
segment	157	((-715 : ℚ) / 512)	((-357 : ℚ) / 256)	1	0	3
segment	158	((-357 : ℚ) / 256)	((-713 : ℚ) / 512)	1	0	3
segment	159	((-713 : ℚ) / 512)	((-89 : ℚ) / 64)	1	0	3
segment	160	((-89 : ℚ) / 64)	((-711 : ℚ) / 512)	1	0	3
segment	161	((-711 : ℚ) / 512)	((-355 : ℚ) / 256)	1	0	3
segment	162	((-355 : ℚ) / 256)	((-709 : ℚ) / 512)	1	0	3
segment	163	((-709 : ℚ) / 512)	((-177 : ℚ) / 128)	1	0	3
segment	164	((-177 : ℚ) / 128)	((-707 : ℚ) / 512)	1	0	3
segment	165	((-707 : ℚ) / 512)	((-353 : ℚ) / 256)	1	0	3
segment	166	((-353 : ℚ) / 256)	((-705 : ℚ) / 512)	1	0	3
segment	167	((-705 : ℚ) / 512)	((-11 : ℚ) / 8)	1	0	3
segment	168	((-11 : ℚ) / 8)	((-703 : ℚ) / 512)	1	0	3
segment	169	((-703 : ℚ) / 512)	((-351 : ℚ) / 256)	1	0	3
segment	170	((-351 : ℚ) / 256)	((-701 : ℚ) / 512)	1	0	3
segment	171	((-701 : ℚ) / 512)	((-175 : ℚ) / 128)	1	0	3
segment	172	((-175 : ℚ) / 128)	((-699 : ℚ) / 512)	1	0	3
segment	173	((-699 : ℚ) / 512)	((-349 : ℚ) / 256)	1	0	3
segment	174	((-349 : ℚ) / 256)	((-697 : ℚ) / 512)	1	0	3
segment	175	((-697 : ℚ) / 512)	((-87 : ℚ) / 64)	1	0	3
segment	176	((-87 : ℚ) / 64)	((-695 : ℚ) / 512)	1	0	3
segment	177	((-695 : ℚ) / 512)	((-347 : ℚ) / 256)	1	0	3
segment	178	((-347 : ℚ) / 256)	((-693 : ℚ) / 512)	1	0	3
segment	179	((-693 : ℚ) / 512)	((-173 : ℚ) / 128)	1	0	3
segment	180	((-173 : ℚ) / 128)	((-691 : ℚ) / 512)	1	0	3
segment	181	((-691 : ℚ) / 512)	((-345 : ℚ) / 256)	1	0	3
segment	182	((-345 : ℚ) / 256)	((-689 : ℚ) / 512)	1	0	3
segment	183	((-689 : ℚ) / 512)	((-43 : ℚ) / 32)	1	0	3
segment	184	((-43 : ℚ) / 32)	((-687 : ℚ) / 512)	1	0	3
segment	185	((-687 : ℚ) / 512)	((-343 : ℚ) / 256)	1	0	3
segment	186	((-343 : ℚ) / 256)	((-685 : ℚ) / 512)	1	0	3
segment	187	((-685 : ℚ) / 512)	((-171 : ℚ) / 128)	1	0	3
segment	188	((-171 : ℚ) / 128)	((-683 : ℚ) / 512)	1	0	3
segment	189	((-683 : ℚ) / 512)	((-341 : ℚ) / 256)	1	0	3
segment	190	((-341 : ℚ) / 256)	((-681 : ℚ) / 512)	1	0	3
segment	191	((-681 : ℚ) / 512)	((-85 : ℚ) / 64)	1	0	3
segment	192	((-85 : ℚ) / 64)	((-679 : ℚ) / 512)	1	0	3
segment	193	((-679 : ℚ) / 512)	((-339 : ℚ) / 256)	1	0	3
segment	194	((-339 : ℚ) / 256)	((-677 : ℚ) / 512)	1	0	3
segment	195	((-677 : ℚ) / 512)	((-169 : ℚ) / 128)	1	0	3
segment	196	((-169 : ℚ) / 128)	((-675 : ℚ) / 512)	1	0	3
segment	197	((-675 : ℚ) / 512)	((-337 : ℚ) / 256)	1	0	3
segment	198	((-337 : ℚ) / 256)	((-673 : ℚ) / 512)	1	0	3
segment	199	((-673 : ℚ) / 512)	((-21 : ℚ) / 16)	1	0	3
segment	200	((-21 : ℚ) / 16)	((-671 : ℚ) / 512)	1	0	3
segment	201	((-671 : ℚ) / 512)	((-335 : ℚ) / 256)	1	0	3
segment	202	((-335 : ℚ) / 256)	((-669 : ℚ) / 512)	1	0	3
segment	203	((-669 : ℚ) / 512)	((-167 : ℚ) / 128)	1	0	3
segment	204	((-167 : ℚ) / 128)	((-667 : ℚ) / 512)	1	0	3
segment	205	((-667 : ℚ) / 512)	((-333 : ℚ) / 256)	1	0	3
segment	206	((-333 : ℚ) / 256)	((-665 : ℚ) / 512)	1	0	3
segment	207	((-665 : ℚ) / 512)	((-83 : ℚ) / 64)	1	0	3
segment	208	((-83 : ℚ) / 64)	((-663 : ℚ) / 512)	1	0	3
segment	209	((-663 : ℚ) / 512)	((-331 : ℚ) / 256)	1	0	3
segment	210	((-331 : ℚ) / 256)	((-661 : ℚ) / 512)	1	0	3
segment	211	((-661 : ℚ) / 512)	((-165 : ℚ) / 128)	1	0	3
segment	212	((-165 : ℚ) / 128)	((-659 : ℚ) / 512)	1	0	3
segment	213	((-659 : ℚ) / 512)	((-329 : ℚ) / 256)	1	0	3
segment	214	((-329 : ℚ) / 256)	((-657 : ℚ) / 512)	1	0	3
segment	215	((-657 : ℚ) / 512)	((-41 : ℚ) / 32)	1	0	3
segment	216	((-41 : ℚ) / 32)	((-655 : ℚ) / 512)	1	0	3
segment	217	((-655 : ℚ) / 512)	((-327 : ℚ) / 256)	1	0	3
segment	218	((-327 : ℚ) / 256)	((-653 : ℚ) / 512)	1	0	3
segment	219	((-653 : ℚ) / 512)	((-163 : ℚ) / 128)	1	0	3
segment	220	((-163 : ℚ) / 128)	((-651 : ℚ) / 512)	1	0	3
segment	221	((-651 : ℚ) / 512)	((-325 : ℚ) / 256)	1	0	3
segment	222	((-325 : ℚ) / 256)	((-649 : ℚ) / 512)	1	0	3
segment	223	((-649 : ℚ) / 512)	((-81 : ℚ) / 64)	1	0	3
segment	224	((-81 : ℚ) / 64)	((-647 : ℚ) / 512)	1	0	3
segment	225	((-647 : ℚ) / 512)	((-323 : ℚ) / 256)	1	0	3
segment	226	((-323 : ℚ) / 256)	((-645 : ℚ) / 512)	1	0	3
segment	227	((-645 : ℚ) / 512)	((-161 : ℚ) / 128)	1	0	3
segment	228	((-161 : ℚ) / 128)	((-643 : ℚ) / 512)	1	0	3
segment	229	((-643 : ℚ) / 512)	((-321 : ℚ) / 256)	1	0	3
segment	230	((-321 : ℚ) / 256)	((-641 : ℚ) / 512)	1	0	3
segment	231	((-641 : ℚ) / 512)	((-5 : ℚ) / 4)	1	0	3
segment	232	((-5 : ℚ) / 4)	((-639 : ℚ) / 512)	1	0	3
segment	233	((-639 : ℚ) / 512)	((-319 : ℚ) / 256)	1	0	3
segment	234	((-319 : ℚ) / 256)	((-637 : ℚ) / 512)	1	0	3
segment	235	((-637 : ℚ) / 512)	((-159 : ℚ) / 128)	1	0	3
segment	236	((-159 : ℚ) / 128)	((-635 : ℚ) / 512)	1	0	3
segment	237	((-635 : ℚ) / 512)	((-317 : ℚ) / 256)	1	0	3
segment	238	((-317 : ℚ) / 256)	((-633 : ℚ) / 512)	1	0	3
segment	239	((-633 : ℚ) / 512)	((-79 : ℚ) / 64)	1	0	3
segment	240	((-79 : ℚ) / 64)	((-631 : ℚ) / 512)	1	0	3
segment	241	((-631 : ℚ) / 512)	((-315 : ℚ) / 256)	1	0	3
segment	242	((-315 : ℚ) / 256)	((-629 : ℚ) / 512)	1	0	3
segment	243	((-629 : ℚ) / 512)	((-157 : ℚ) / 128)	1	0	3
segment	244	((-157 : ℚ) / 128)	((-627 : ℚ) / 512)	1	0	3
segment	245	((-627 : ℚ) / 512)	((-313 : ℚ) / 256)	1	0	3
segment	246	((-313 : ℚ) / 256)	((-625 : ℚ) / 512)	1	0	3
segment	247	((-625 : ℚ) / 512)	((-39 : ℚ) / 32)	1	0	3
segment	248	((-39 : ℚ) / 32)	((-623 : ℚ) / 512)	1	0	3
segment	249	((-623 : ℚ) / 512)	((-311 : ℚ) / 256)	1	0	3
segment	250	((-311 : ℚ) / 256)	((-621 : ℚ) / 512)	1	0	3
segment	251	((-621 : ℚ) / 512)	((-155 : ℚ) / 128)	1	0	3
segment	252	((-155 : ℚ) / 128)	((-619 : ℚ) / 512)	1	0	3
segment	253	((-619 : ℚ) / 512)	((-309 : ℚ) / 256)	1	0	3
segment	254	((-309 : ℚ) / 256)	((-617 : ℚ) / 512)	1	0	3
segment	255	((-617 : ℚ) / 512)	((-77 : ℚ) / 64)	1	0	3
segment	256	((-77 : ℚ) / 64)	((-615 : ℚ) / 512)	1	0	3
segment	257	((-615 : ℚ) / 512)	((-307 : ℚ) / 256)	1	0	3
segment	258	((-307 : ℚ) / 256)	((-613 : ℚ) / 512)	1	0	3
segment	259	((-613 : ℚ) / 512)	((-153 : ℚ) / 128)	1	0	3
segment	260	((-153 : ℚ) / 128)	((-611 : ℚ) / 512)	1	0	3
segment	261	((-611 : ℚ) / 512)	((-305 : ℚ) / 256)	1	0	3
segment	262	((-305 : ℚ) / 256)	((-609 : ℚ) / 512)	1	0	3
segment	263	((-609 : ℚ) / 512)	((-19 : ℚ) / 16)	1	0	3
segment	264	((-19 : ℚ) / 16)	((-607 : ℚ) / 512)	1	0	3
segment	265	((-607 : ℚ) / 512)	((-303 : ℚ) / 256)	1	0	3
segment	266	((-303 : ℚ) / 256)	((-605 : ℚ) / 512)	1	0	3
segment	267	((-605 : ℚ) / 512)	((-151 : ℚ) / 128)	1	0	3
segment	268	((-151 : ℚ) / 128)	((-603 : ℚ) / 512)	1	0	3
segment	269	((-603 : ℚ) / 512)	((-301 : ℚ) / 256)	1	0	3
segment	270	((-301 : ℚ) / 256)	((-601 : ℚ) / 512)	1	0	3
segment	271	((-601 : ℚ) / 512)	((-75 : ℚ) / 64)	1	0	3
segment	272	((-75 : ℚ) / 64)	((-599 : ℚ) / 512)	1	0	3
segment	273	((-599 : ℚ) / 512)	((-299 : ℚ) / 256)	1	0	3
segment	274	((-299 : ℚ) / 256)	((-597 : ℚ) / 512)	1	0	3
segment	275	((-597 : ℚ) / 512)	((-149 : ℚ) / 128)	1	0	3
segment	276	((-149 : ℚ) / 128)	((-595 : ℚ) / 512)	1	0	3
segment	277	((-595 : ℚ) / 512)	((-297 : ℚ) / 256)	1	0	3
segment	278	((-297 : ℚ) / 256)	((-593 : ℚ) / 512)	1	0	3
segment	279	((-593 : ℚ) / 512)	((-37 : ℚ) / 32)	1	0	3
segment	280	((-37 : ℚ) / 32)	((-591 : ℚ) / 512)	1	0	3
segment	281	((-591 : ℚ) / 512)	((-295 : ℚ) / 256)	1	0	3
segment	282	((-295 : ℚ) / 256)	((-589 : ℚ) / 512)	1	0	3
segment	283	((-589 : ℚ) / 512)	((-147 : ℚ) / 128)	1	0	3
segment	284	((-147 : ℚ) / 128)	((-587 : ℚ) / 512)	1	0	3
segment	285	((-587 : ℚ) / 512)	((-293 : ℚ) / 256)	1	0	3
segment	286	((-293 : ℚ) / 256)	((-585 : ℚ) / 512)	1	0	3
segment	287	((-585 : ℚ) / 512)	((-73 : ℚ) / 64)	1	0	3
segment	288	((-73 : ℚ) / 64)	((-583 : ℚ) / 512)	1	0	3
segment	289	((-583 : ℚ) / 512)	((-291 : ℚ) / 256)	1	0	3
segment	290	((-291 : ℚ) / 256)	((-581 : ℚ) / 512)	1	0	3
segment	291	((-581 : ℚ) / 512)	((-145 : ℚ) / 128)	1	0	3
segment	292	((-145 : ℚ) / 128)	((-579 : ℚ) / 512)	1	0	3
segment	293	((-579 : ℚ) / 512)	((-289 : ℚ) / 256)	1	0	3
segment	294	((-289 : ℚ) / 256)	((-577 : ℚ) / 512)	1	0	3
segment	295	((-577 : ℚ) / 512)	((-9 : ℚ) / 8)	1	0	3
segment	296	((-9 : ℚ) / 8)	((-575 : ℚ) / 512)	1	0	3
segment	297	((-575 : ℚ) / 512)	((-287 : ℚ) / 256)	1	0	3
segment	298	((-287 : ℚ) / 256)	((-573 : ℚ) / 512)	1	0	3
segment	299	((-573 : ℚ) / 512)	((-143 : ℚ) / 128)	1	0	3
segment	300	((-143 : ℚ) / 128)	((-571 : ℚ) / 512)	1	0	3
segment	301	((-571 : ℚ) / 512)	((-285 : ℚ) / 256)	1	0	3
segment	302	((-285 : ℚ) / 256)	((-569 : ℚ) / 512)	1	0	3
segment	303	((-569 : ℚ) / 512)	((-71 : ℚ) / 64)	1	0	3
segment	304	((-71 : ℚ) / 64)	((-567 : ℚ) / 512)	1	0	3
segment	305	((-567 : ℚ) / 512)	((-283 : ℚ) / 256)	1	0	3
segment	306	((-283 : ℚ) / 256)	((-565 : ℚ) / 512)	1	0	3
segment	307	((-565 : ℚ) / 512)	((-141 : ℚ) / 128)	1	0	3
segment	308	((-141 : ℚ) / 128)	((-563 : ℚ) / 512)	1	0	3
segment	309	((-563 : ℚ) / 512)	((-281 : ℚ) / 256)	1	0	3
segment	310	((-281 : ℚ) / 256)	((-561 : ℚ) / 512)	1	0	3
segment	311	((-561 : ℚ) / 512)	((-35 : ℚ) / 32)	1	0	3
segment	312	((-35 : ℚ) / 32)	((-559 : ℚ) / 512)	1	0	3
segment	313	((-559 : ℚ) / 512)	((-279 : ℚ) / 256)	1	0	3
segment	314	((-279 : ℚ) / 256)	((-557 : ℚ) / 512)	1	0	3
segment	315	((-557 : ℚ) / 512)	((-139 : ℚ) / 128)	1	0	3
segment	316	((-139 : ℚ) / 128)	((-555 : ℚ) / 512)	1	0	3
segment	317	((-555 : ℚ) / 512)	((-277 : ℚ) / 256)	1	0	3
segment	318	((-277 : ℚ) / 256)	((-553 : ℚ) / 512)	1	0	3
segment	319	((-553 : ℚ) / 512)	((-69 : ℚ) / 64)	1	0	3
segment	320	((-69 : ℚ) / 64)	((-551 : ℚ) / 512)	1	0	3
segment	321	((-551 : ℚ) / 512)	((-275 : ℚ) / 256)	1	0	3
segment	322	((-275 : ℚ) / 256)	((-549 : ℚ) / 512)	1	0	3
segment	323	((-549 : ℚ) / 512)	((-137 : ℚ) / 128)	1	0	3
segment	324	((-137 : ℚ) / 128)	((-547 : ℚ) / 512)	1	0	3
segment	325	((-547 : ℚ) / 512)	((-273 : ℚ) / 256)	1	0	3
segment	326	((-273 : ℚ) / 256)	((-545 : ℚ) / 512)	1	0	3
segment	327	((-545 : ℚ) / 512)	((-17 : ℚ) / 16)	1	0	3
segment	328	((-17 : ℚ) / 16)	((-543 : ℚ) / 512)	1	0	3
segment	329	((-543 : ℚ) / 512)	((-271 : ℚ) / 256)	1	0	3
segment	330	((-271 : ℚ) / 256)	((-541 : ℚ) / 512)	1	0	3
segment	331	((-541 : ℚ) / 512)	((-135 : ℚ) / 128)	1	0	3
segment	332	((-135 : ℚ) / 128)	((-539 : ℚ) / 512)	1	0	3
segment	333	((-539 : ℚ) / 512)	((-269 : ℚ) / 256)	1	0	3
segment	334	((-269 : ℚ) / 256)	((-537 : ℚ) / 512)	1	0	3
segment	335	((-537 : ℚ) / 512)	((-67 : ℚ) / 64)	1	0	3
segment	336	((-67 : ℚ) / 64)	((-535 : ℚ) / 512)	1	0	3
segment	337	((-535 : ℚ) / 512)	((-267 : ℚ) / 256)	1	0	3
segment	338	((-267 : ℚ) / 256)	((-533 : ℚ) / 512)	1	0	3
segment	339	((-533 : ℚ) / 512)	((-133 : ℚ) / 128)	1	0	3
segment	340	((-133 : ℚ) / 128)	((-531 : ℚ) / 512)	1	0	3
segment	341	((-531 : ℚ) / 512)	((-265 : ℚ) / 256)	1	0	3
segment	342	((-265 : ℚ) / 256)	((-529 : ℚ) / 512)	1	0	3
segment	343	((-529 : ℚ) / 512)	((-33 : ℚ) / 32)	1	0	3
segment	344	((-33 : ℚ) / 32)	((-527 : ℚ) / 512)	1	0	3
segment	345	((-527 : ℚ) / 512)	((-263 : ℚ) / 256)	1	0	3
segment	346	((-263 : ℚ) / 256)	((-525 : ℚ) / 512)	1	0	3
segment	347	((-525 : ℚ) / 512)	((-131 : ℚ) / 128)	1	0	3
segment	348	((-131 : ℚ) / 128)	((-523 : ℚ) / 512)	1	0	3
segment	349	((-523 : ℚ) / 512)	((-261 : ℚ) / 256)	1	0	3
segment	350	((-261 : ℚ) / 256)	((-521 : ℚ) / 512)	1	0	3
segment	351	((-521 : ℚ) / 512)	((-65 : ℚ) / 64)	1	0	3
segment	352	((-65 : ℚ) / 64)	((-519 : ℚ) / 512)	1	0	3
segment	353	((-519 : ℚ) / 512)	((-259 : ℚ) / 256)	1	0	3
segment	354	((-259 : ℚ) / 256)	((-517 : ℚ) / 512)	1	0	3
segment	355	((-517 : ℚ) / 512)	((-129 : ℚ) / 128)	1	0	3
segment	356	((-129 : ℚ) / 128)	((-515 : ℚ) / 512)	1	0	3
segment	357	((-515 : ℚ) / 512)	((-257 : ℚ) / 256)	1	0	3
segment	358	((-257 : ℚ) / 256)	((-513 : ℚ) / 512)	1	0	3
segment	359	((-513 : ℚ) / 512)	((-1 : ℚ) / 1)	1	0	3
segment	360	((-1 : ℚ) / 1)	((-511 : ℚ) / 512)	1	0	3
segment	361	((-511 : ℚ) / 512)	((-255 : ℚ) / 256)	1	0	3
segment	362	((-255 : ℚ) / 256)	((-509 : ℚ) / 512)	1	0	3
segment	363	((-509 : ℚ) / 512)	((-127 : ℚ) / 128)	1	0	3
segment	364	((-127 : ℚ) / 128)	((-507 : ℚ) / 512)	1	0	3
segment	365	((-507 : ℚ) / 512)	((-253 : ℚ) / 256)	1	0	3
segment	366	((-253 : ℚ) / 256)	((-505 : ℚ) / 512)	1	0	3
segment	367	((-505 : ℚ) / 512)	((-63 : ℚ) / 64)	1	0	3
segment	368	((-63 : ℚ) / 64)	((-503 : ℚ) / 512)	1	0	3
segment	369	((-503 : ℚ) / 512)	((-251 : ℚ) / 256)	1	0	3
segment	370	((-251 : ℚ) / 256)	((-501 : ℚ) / 512)	1	0	3
segment	371	((-501 : ℚ) / 512)	((-125 : ℚ) / 128)	1	0	3
segment	372	((-125 : ℚ) / 128)	((-499 : ℚ) / 512)	1	0	3
segment	373	((-499 : ℚ) / 512)	((-249 : ℚ) / 256)	1	0	3
segment	374	((-249 : ℚ) / 256)	((-497 : ℚ) / 512)	1	0	3
segment	375	((-497 : ℚ) / 512)	((-31 : ℚ) / 32)	1	0	3
segment	376	((-31 : ℚ) / 32)	((-495 : ℚ) / 512)	1	0	3
segment	377	((-495 : ℚ) / 512)	((-247 : ℚ) / 256)	1	0	3
segment	378	((-247 : ℚ) / 256)	((-493 : ℚ) / 512)	1	0	3
segment	379	((-493 : ℚ) / 512)	((-123 : ℚ) / 128)	1	0	3
segment	380	((-123 : ℚ) / 128)	((-491 : ℚ) / 512)	1	0	3
segment	381	((-491 : ℚ) / 512)	((-245 : ℚ) / 256)	1	0	3
segment	382	((-245 : ℚ) / 256)	((-489 : ℚ) / 512)	1	0	3
segment	383	((-489 : ℚ) / 512)	((-61 : ℚ) / 64)	1	0	3
segment	384	((-61 : ℚ) / 64)	((-487 : ℚ) / 512)	1	0	3
segment	385	((-487 : ℚ) / 512)	((-243 : ℚ) / 256)	1	0	3
segment	386	((-243 : ℚ) / 256)	((-485 : ℚ) / 512)	1	0	3
segment	387	((-485 : ℚ) / 512)	((-121 : ℚ) / 128)	1	0	3
segment	388	((-121 : ℚ) / 128)	((-483 : ℚ) / 512)	1	0	3
segment	389	((-483 : ℚ) / 512)	((-241 : ℚ) / 256)	1	0	3
segment	390	((-241 : ℚ) / 256)	((-481 : ℚ) / 512)	1	0	3
segment	391	((-481 : ℚ) / 512)	((-15 : ℚ) / 16)	1	0	3
segment	392	((-15 : ℚ) / 16)	((-479 : ℚ) / 512)	1	0	3
segment	393	((-479 : ℚ) / 512)	((-239 : ℚ) / 256)	1	0	3
segment	394	((-239 : ℚ) / 256)	((-477 : ℚ) / 512)	1	0	3
segment	395	((-477 : ℚ) / 512)	((-119 : ℚ) / 128)	1	0	3
segment	396	((-119 : ℚ) / 128)	((-475 : ℚ) / 512)	1	0	3
segment	397	((-475 : ℚ) / 512)	((-237 : ℚ) / 256)	1	0	3
segment	398	((-237 : ℚ) / 256)	((-473 : ℚ) / 512)	1	0	3
segment	399	((-473 : ℚ) / 512)	((-59 : ℚ) / 64)	1	0	3
segment	400	((-59 : ℚ) / 64)	((-471 : ℚ) / 512)	1	3256822632866288	3
segment	401	((-471 : ℚ) / 512)	((-235 : ℚ) / 256)	1	7346233393290952	3
segment	402	((-235 : ℚ) / 256)	((-469 : ℚ) / 512)	1	1764377210999686	3
segment	403	((-469 : ℚ) / 512)	((-117 : ℚ) / 128)	1	0	3
segment	404	((-117 : ℚ) / 128)	((-467 : ℚ) / 512)	1	0	3
segment	405	((-467 : ℚ) / 512)	((-233 : ℚ) / 256)	1	22473823822206947	3
segment	406	((-233 : ℚ) / 256)	((-465 : ℚ) / 512)	1	90893751656812726	3
segment	407	((-465 : ℚ) / 512)	((-29 : ℚ) / 32)	1	118471994175042549	3
segment	408	((-29 : ℚ) / 32)	((-463 : ℚ) / 512)	1	94531629851218315	3
segment	409	((-463 : ℚ) / 512)	((-231 : ℚ) / 256)	1	18696598523655957	3
segment	410	((-231 : ℚ) / 256)	((-461 : ℚ) / 512)	1	0	3
segment	411	((-461 : ℚ) / 512)	((-115 : ℚ) / 128)	1	59667005727490765	3
segment	412	((-115 : ℚ) / 128)	((-459 : ℚ) / 512)	1	251671642449819010	3
segment	413	((-459 : ℚ) / 512)	((-229 : ℚ) / 256)	1	386663641325227251	3
segment	414	((-229 : ℚ) / 256)	((-457 : ℚ) / 512)	1	391029562754221569	3
segment	415	((-457 : ℚ) / 512)	((-57 : ℚ) / 64)	1	282079667763641288	3
segment	416	((-57 : ℚ) / 64)	((-455 : ℚ) / 512)	1	102252904228795529	3
segment	417	((-455 : ℚ) / 512)	((-227 : ℚ) / 256)	1	1130382562541480	3
segment	418	((-227 : ℚ) / 256)	((-453 : ℚ) / 512)	1	48486528847603198	3
segment	419	((-453 : ℚ) / 512)	((-113 : ℚ) / 128)	1	124365943699430442	3
segment	420	((-113 : ℚ) / 128)	((-451 : ℚ) / 512)	1	134057915614356505	3
segment	421	((-451 : ℚ) / 512)	((-225 : ℚ) / 256)	1	89287935265169113	3
segment	422	((-225 : ℚ) / 256)	((-449 : ℚ) / 512)	1	17951042745067300	3
segment	423	((-449 : ℚ) / 512)	((-7 : ℚ) / 8)	1	0	3
segment	424	((-7 : ℚ) / 8)	((-447 : ℚ) / 512)	1	0	3
segment	425	((-447 : ℚ) / 512)	((-223 : ℚ) / 256)	1	0	3
segment	426	((-223 : ℚ) / 256)	((-445 : ℚ) / 512)	1	0	3
segment	427	((-445 : ℚ) / 512)	((-111 : ℚ) / 128)	1	11339395684853296	3
segment	428	((-111 : ℚ) / 128)	((-443 : ℚ) / 512)	1	144896233314708275	3
segment	429	((-443 : ℚ) / 512)	((-221 : ℚ) / 256)	1	319374515185510301	3
segment	430	((-221 : ℚ) / 256)	((-441 : ℚ) / 512)	1	396001512132016427	3
segment	431	((-441 : ℚ) / 512)	((-55 : ℚ) / 64)	1	361217725806489689	3
segment	432	((-55 : ℚ) / 64)	((-439 : ℚ) / 512)	1	214323335221522886	3
segment	433	((-439 : ℚ) / 512)	((-219 : ℚ) / 256)	1	42346258049539575	3
segment	434	((-219 : ℚ) / 256)	((-437 : ℚ) / 512)	1	0	3
segment	435	((-437 : ℚ) / 512)	((-109 : ℚ) / 128)	1	0	3
segment	436	((-109 : ℚ) / 128)	((-435 : ℚ) / 512)	1	3487000145066429	3
segment	437	((-435 : ℚ) / 512)	((-217 : ℚ) / 256)	1	449922769033288	3
segment	438	((-217 : ℚ) / 256)	((-433 : ℚ) / 512)	1	0	3
segment	439	((-433 : ℚ) / 512)	((-27 : ℚ) / 32)	1	6736708971664460	3
segment	440	((-27 : ℚ) / 32)	((-431 : ℚ) / 512)	1	56749646261281946	3
segment	441	((-431 : ℚ) / 512)	((-215 : ℚ) / 256)	1	85075636050544042	3
segment	442	((-215 : ℚ) / 256)	((-429 : ℚ) / 512)	1	75008574587902082	3
segment	443	((-429 : ℚ) / 512)	((-107 : ℚ) / 128)	1	36025966481226755	3
segment	444	((-107 : ℚ) / 128)	((-427 : ℚ) / 512)	1	21110700983872089	3
segment	445	((-427 : ℚ) / 512)	((-213 : ℚ) / 256)	1	79265018210353008	3
segment	446	((-213 : ℚ) / 256)	((-425 : ℚ) / 512)	1	147999612957646343	3
segment	447	((-425 : ℚ) / 512)	((-53 : ℚ) / 64)	1	173873510558508087	3
segment	448	((-53 : ℚ) / 64)	((-423 : ℚ) / 512)	1	158641044786170660	3
segment	449	((-423 : ℚ) / 512)	((-211 : ℚ) / 256)	1	104464455429247531	3
segment	450	((-211 : ℚ) / 256)	((-421 : ℚ) / 512)	1	41630363255344515	3
segment	451	((-421 : ℚ) / 512)	((-105 : ℚ) / 128)	1	3276893098387622	3
segment	452	((-105 : ℚ) / 128)	((-419 : ℚ) / 512)	1	0	3
segment	453	((-419 : ℚ) / 512)	((-209 : ℚ) / 256)	1	0	3
segment	454	((-209 : ℚ) / 256)	((-417 : ℚ) / 512)	1	0	3
segment	455	((-417 : ℚ) / 512)	((-13 : ℚ) / 16)	1	0	3
segment	456	((-13 : ℚ) / 16)	((-415 : ℚ) / 512)	1	0	3
segment	457	((-415 : ℚ) / 512)	((-207 : ℚ) / 256)	1	0	3
segment	458	((-207 : ℚ) / 256)	((-413 : ℚ) / 512)	1	0	3
segment	459	((-413 : ℚ) / 512)	((-103 : ℚ) / 128)	1	0	3
segment	460	((-103 : ℚ) / 128)	((-411 : ℚ) / 512)	1	0	3
segment	461	((-411 : ℚ) / 512)	((-205 : ℚ) / 256)	1	0	3
segment	462	((-205 : ℚ) / 256)	((-409 : ℚ) / 512)	1	2750232892494021	3
segment	463	((-409 : ℚ) / 512)	((-51 : ℚ) / 64)	1	33950706139409162	3
segment	464	((-51 : ℚ) / 64)	((-407 : ℚ) / 512)	1	57805373408806605	3
segment	465	((-407 : ℚ) / 512)	((-203 : ℚ) / 256)	1	51576358762867743	3
segment	466	((-203 : ℚ) / 256)	((-405 : ℚ) / 512)	1	11584008366274386	3
segment	467	((-405 : ℚ) / 512)	((-101 : ℚ) / 128)	1	0	3
segment	468	((-101 : ℚ) / 128)	((-403 : ℚ) / 512)	1	9923231820897783	3
segment	469	((-403 : ℚ) / 512)	((-201 : ℚ) / 256)	1	92426003381830476	3
segment	470	((-201 : ℚ) / 256)	((-401 : ℚ) / 512)	1	140388802613462277	3
segment	471	((-401 : ℚ) / 512)	((-25 : ℚ) / 32)	1	116376182479406947	3
segment	472	((-25 : ℚ) / 32)	((-399 : ℚ) / 512)	1	24923804054437055	3
segment	473	((-399 : ℚ) / 512)	((-199 : ℚ) / 256)	1	0	3
segment	474	((-199 : ℚ) / 256)	((-397 : ℚ) / 512)	1	99641395293113361	3
segment	475	((-397 : ℚ) / 512)	((-99 : ℚ) / 128)	1	285351019951575832	3
segment	476	((-99 : ℚ) / 128)	((-395 : ℚ) / 512)	1	359943299844148639	3
segment	477	((-395 : ℚ) / 512)	((-197 : ℚ) / 256)	1	315347286402537277	3
segment	478	((-197 : ℚ) / 256)	((-393 : ℚ) / 512)	1	176030285308152964	3
segment	479	((-393 : ℚ) / 512)	((-49 : ℚ) / 64)	1	110456494117888264	3
segment	480	((-49 : ℚ) / 64)	((-391 : ℚ) / 512)	1	261806871347864842	3
segment	481	((-391 : ℚ) / 512)	((-195 : ℚ) / 256)	1	422467874444108289	3
segment	482	((-195 : ℚ) / 256)	((-389 : ℚ) / 512)	1	443204294195448770	3
segment	483	((-389 : ℚ) / 512)	((-97 : ℚ) / 128)	1	327437665165641878	3
segment	484	((-97 : ℚ) / 128)	((-387 : ℚ) / 512)	1	108092313707435602	3
segment	485	((-387 : ℚ) / 512)	((-193 : ℚ) / 256)	1	0	3
segment	486	((-193 : ℚ) / 256)	((-385 : ℚ) / 512)	1	0	3
segment	487	((-385 : ℚ) / 512)	((-3 : ℚ) / 4)	1	16055151806749937	3
segment	488	((-3 : ℚ) / 4)	((-383 : ℚ) / 512)	1	12526321571300472	3
segment	489	((-383 : ℚ) / 512)	((-191 : ℚ) / 256)	1	0	3
segment	490	((-191 : ℚ) / 256)	((-381 : ℚ) / 512)	1	0	3
segment	491	((-381 : ℚ) / 512)	((-95 : ℚ) / 128)	1	33152429055996261	3
segment	492	((-95 : ℚ) / 128)	((-379 : ℚ) / 512)	1	83690882265551278	3
segment	493	((-379 : ℚ) / 512)	((-189 : ℚ) / 256)	1	79101770857293803	3
segment	494	((-189 : ℚ) / 256)	((-377 : ℚ) / 512)	1	31153398567992162	3
segment	495	((-377 : ℚ) / 512)	((-47 : ℚ) / 64)	1	0	3
segment	496	((-47 : ℚ) / 64)	((-375 : ℚ) / 512)	1	0	3
segment	497	((-375 : ℚ) / 512)	((-187 : ℚ) / 256)	1	0	3
segment	498	((-187 : ℚ) / 256)	((-373 : ℚ) / 512)	1	0	3
segment	499	((-373 : ℚ) / 512)	((-93 : ℚ) / 128)	1	21808494854763388	3
segment	500	((-93 : ℚ) / 128)	((-371 : ℚ) / 512)	1	171867901722296750	3
segment	501	((-371 : ℚ) / 512)	((-185 : ℚ) / 256)	1	361771976721823517	3
segment	502	((-185 : ℚ) / 256)	((-369 : ℚ) / 512)	1	455653007177322156	3
segment	503	((-369 : ℚ) / 512)	((-23 : ℚ) / 32)	1	451637826854502124	3
segment	504	((-23 : ℚ) / 32)	((-367 : ℚ) / 512)	1	514002310682528778	3
segment	505	((-367 : ℚ) / 512)	((-183 : ℚ) / 256)	1	918109131321204753	3
segment	506	((-183 : ℚ) / 256)	((-365 : ℚ) / 512)	1	1042912315653911857	3
segment	507	((-365 : ℚ) / 512)	((-91 : ℚ) / 128)	1	1896420140729181171	3
segment	508	((-91 : ℚ) / 128)	((-181 : ℚ) / 256)	2	5674217528315537231	3
segment	509	((-181 : ℚ) / 256)	((-45 : ℚ) / 64)	2	7539306087057235028	3
segment	510	((-45 : ℚ) / 64)	((-179 : ℚ) / 256)	2	11411874104371659971	3
segment	511	((-179 : ℚ) / 256)	((-89 : ℚ) / 128)	2	16511533419255044737	1
segment	512	((-89 : ℚ) / 128)	((-11 : ℚ) / 16)	3	52102088647319381302	3
segment	513	((-11 : ℚ) / 16)	((-87 : ℚ) / 128)	3	87867025015745970643	3
segment	514	((-87 : ℚ) / 128)	((-43 : ℚ) / 64)	3	137411342494963728827	1
segment	515	((-43 : ℚ) / 64)	((-21 : ℚ) / 32)	4	484823212234179695034	3
segment	516	((-21 : ℚ) / 32)	((-41 : ℚ) / 64)	4	876680079434954191459	3
segment	517	((-41 : ℚ) / 64)	((-5 : ℚ) / 8)	4	1393090725440670565325	1
segment	518	((-5 : ℚ) / 8)	((-19 : ℚ) / 32)	5	4626973842048321882673	3
segment	519	((-19 : ℚ) / 32)	((-9 : ℚ) / 16)	5	7089068836859483571632	3
segment	520	((-9 : ℚ) / 16)	((-17 : ℚ) / 32)	5	9377003733078924004016	1
segment	521	((-17 : ℚ) / 32)	((-1 : ℚ) / 2)	5	11870406825540773309548	1
segment	522	((-1 : ℚ) / 2)	((-15 : ℚ) / 32)	5	14647850227072260861547	1
segment	523	((-15 : ℚ) / 32)	((-7 : ℚ) / 16)	5	17126148504123974830330	1
segment	524	((-7 : ℚ) / 16)	((-13 : ℚ) / 32)	5	18960256830147814075164	1
segment	525	((-13 : ℚ) / 32)	((-3 : ℚ) / 8)	5	20310815533680555574823	1
segment	526	((-3 : ℚ) / 8)	((-11 : ℚ) / 32)	5	20929768005137950172678	1
segment	527	((-11 : ℚ) / 32)	((-5 : ℚ) / 16)	5	20270129101207368623831	1
segment	528	((-5 : ℚ) / 16)	((-9 : ℚ) / 32)	5	18777423338945611742207	1
segment	529	((-9 : ℚ) / 32)	((-1 : ℚ) / 4)	5	17518789436112774229506	1
segment	530	((-1 : ℚ) / 4)	((-7 : ℚ) / 32)	5	16538289851911907000666	1
segment	531	((-7 : ℚ) / 32)	((-3 : ℚ) / 16)	5	15418231921181807573993	1
segment	532	((-3 : ℚ) / 16)	((-5 : ℚ) / 32)	5	14742547070139609377583	1
segment	533	((-5 : ℚ) / 32)	((-1 : ℚ) / 8)	5	14344207555186767378697	1
segment	534	((-1 : ℚ) / 8)	((-3 : ℚ) / 32)	5	12645249326292357979878	1
segment	535	((-3 : ℚ) / 32)	((-1 : ℚ) / 16)	5	8589330925997480846628	3
segment	536	((-1 : ℚ) / 16)	((-3 : ℚ) / 64)	4	2342799302483903515572	1
segment	537	((-3 : ℚ) / 64)	((-1 : ℚ) / 32)	4	1166981109121514499212	3
segment	538	((-1 : ℚ) / 32)	((-3 : ℚ) / 128)	3	261445732363666350218	1
segment	539	((-3 : ℚ) / 128)	((-1 : ℚ) / 64)	3	127718824175460492335	3
segment	540	((-1 : ℚ) / 64)	((-7 : ℚ) / 512)	1	11787353715170014497	1
segment	541	((-7 : ℚ) / 512)	((-3 : ℚ) / 256)	1	3316884220420392136	3
segment	542	((-3 : ℚ) / 256)	((-5 : ℚ) / 512)	1	0	3
segment	543	((-5 : ℚ) / 512)	((-1 : ℚ) / 128)	1	154013000001618303	3
segment	544	((-1 : ℚ) / 128)	((-3 : ℚ) / 512)	1	1819814027515789292	3
segment	545	((-3 : ℚ) / 512)	((-1 : ℚ) / 256)	1	1738638886751815510	3
segment	546	((-1 : ℚ) / 256)	((-1 : ℚ) / 512)	1	0	3
segment	547	((-1 : ℚ) / 512)	((0 : ℚ) / 1)	1	0	1
segment	548	((0 : ℚ) / 1)	((1 : ℚ) / 256)	2	0	1
segment	549	((1 : ℚ) / 256)	((3 : ℚ) / 512)	1	0	1
segment	550	((3 : ℚ) / 512)	((1 : ℚ) / 128)	1	0	3
segment	551	((1 : ℚ) / 128)	((5 : ℚ) / 512)	1	268313199606925030	3
segment	552	((5 : ℚ) / 512)	((3 : ℚ) / 256)	1	123954932944011221	3
segment	553	((3 : ℚ) / 256)	((7 : ℚ) / 512)	1	59278239175685355	3
segment	554	((7 : ℚ) / 512)	((1 : ℚ) / 64)	1	157658813485329691	3
segment	555	((1 : ℚ) / 64)	((9 : ℚ) / 512)	1	28824739763602694	3
segment	556	((9 : ℚ) / 512)	((5 : ℚ) / 256)	1	0	3
segment	557	((5 : ℚ) / 256)	((11 : ℚ) / 512)	1	981022484961673709	3
segment	558	((11 : ℚ) / 512)	((3 : ℚ) / 128)	1	2841649618390505465	3
segment	559	((3 : ℚ) / 128)	((7 : ℚ) / 256)	2	13543347837578125755	3
segment	560	((7 : ℚ) / 256)	((1 : ℚ) / 32)	2	13667433432095876558	3
segment	561	((1 : ℚ) / 32)	((9 : ℚ) / 256)	2	16109731469700199124	3
segment	562	((9 : ℚ) / 256)	((5 : ℚ) / 128)	2	19394697149187943444	1
segment	563	((5 : ℚ) / 128)	((3 : ℚ) / 64)	3	31890323478204115851	3
segment	564	((3 : ℚ) / 64)	((25 : ℚ) / 512)	1	6296466572607872880	1
segment	565	((25 : ℚ) / 512)	((13 : ℚ) / 256)	1	2850248167918993434	3
segment	566	((13 : ℚ) / 256)	((27 : ℚ) / 512)	1	925347536962896559	3
segment	567	((27 : ℚ) / 512)	((7 : ℚ) / 128)	1	0	3
segment	568	((7 : ℚ) / 128)	((29 : ℚ) / 512)	1	96694522358206549	3
segment	569	((29 : ℚ) / 512)	((15 : ℚ) / 256)	1	344561612072676746	3
segment	570	((15 : ℚ) / 256)	((31 : ℚ) / 512)	1	173717803864670948	3
segment	571	((31 : ℚ) / 512)	((1 : ℚ) / 16)	1	0	3
segment	572	((1 : ℚ) / 16)	((33 : ℚ) / 512)	1	30412797408504949	3
segment	573	((33 : ℚ) / 512)	((17 : ℚ) / 256)	1	175371418866444303	3
segment	574	((17 : ℚ) / 256)	((35 : ℚ) / 512)	1	89006067943133134	3
segment	575	((35 : ℚ) / 512)	((9 : ℚ) / 128)	1	399679814678827412	3
segment	576	((9 : ℚ) / 128)	((37 : ℚ) / 512)	1	2098610797586561151	3
segment	577	((37 : ℚ) / 512)	((19 : ℚ) / 256)	1	5434488035403741896	1
segment	578	((19 : ℚ) / 256)	((5 : ℚ) / 64)	2	22449951596437202774	1
segment	579	((5 : ℚ) / 64)	((11 : ℚ) / 128)	3	77231182448221497887	3
segment	580	((11 : ℚ) / 128)	((3 : ℚ) / 32)	3	196972847656810383703	1
segment	581	((3 : ℚ) / 32)	((7 : ℚ) / 64)	4	959796556297896036440	3
segment	582	((7 : ℚ) / 64)	((1 : ℚ) / 8)	4	2084655735810874519581	1
segment	583	((1 : ℚ) / 8)	((5 : ℚ) / 32)	5	9095682992594517283165	3
segment	584	((5 : ℚ) / 32)	((3 : ℚ) / 16)	5	16746274360981045182962	1
segment	585	((3 : ℚ) / 16)	((7 : ℚ) / 32)	5	24063959788045931498806	1
segment	586	((7 : ℚ) / 32)	((1 : ℚ) / 4)	5	30432594372633310013980	1
segment	587	((1 : ℚ) / 4)	((9 : ℚ) / 32)	5	35931601490643295073805	1
segment	588	((9 : ℚ) / 32)	((5 : ℚ) / 16)	5	40009774951256315116572	1
segment	589	((5 : ℚ) / 16)	((11 : ℚ) / 32)	5	42669462894961948168048	1
segment	590	((11 : ℚ) / 32)	((3 : ℚ) / 8)	5	44911619760527360395270	1
segment	591	((3 : ℚ) / 8)	((13 : ℚ) / 32)	5	47313169139696665112425	1
segment	592	((13 : ℚ) / 32)	((7 : ℚ) / 16)	5	49411998078627431340165	1
segment	593	((7 : ℚ) / 16)	((15 : ℚ) / 32)	5	50826245434770685007083	1
segment	594	((15 : ℚ) / 32)	((1 : ℚ) / 2)	5	51784206473702606472870	1
segment	595	((1 : ℚ) / 2)	((17 : ℚ) / 32)	5	52152870693258697279734	1
segment	596	((17 : ℚ) / 32)	((9 : ℚ) / 16)	5	51401947492873588408516	1
segment	597	((9 : ℚ) / 16)	((19 : ℚ) / 32)	5	49708365418570357416179	1
segment	598	((19 : ℚ) / 32)	((5 : ℚ) / 8)	5	47774021169984637465123	1
segment	599	((5 : ℚ) / 8)	((21 : ℚ) / 32)	5	45705705382407398888937	1
segment	600	((21 : ℚ) / 32)	((11 : ℚ) / 16)	5	43039390047811982244393	1
segment	601	((11 : ℚ) / 16)	((23 : ℚ) / 32)	5	39591540776837344583374	1
segment	602	((23 : ℚ) / 32)	((3 : ℚ) / 4)	5	35575968753617360884140	1
segment	603	((3 : ℚ) / 4)	((25 : ℚ) / 32)	5	31188191184361676988930	1
segment	604	((25 : ℚ) / 32)	((13 : ℚ) / 16)	5	26525046254911850564047	1
segment	605	((13 : ℚ) / 16)	((27 : ℚ) / 32)	5	21789139618425193078926	1
segment	606	((27 : ℚ) / 32)	((7 : ℚ) / 8)	5	17201399744540244464586	1
segment	607	((7 : ℚ) / 8)	((29 : ℚ) / 32)	5	12797974896689976869596	1
segment	608	((29 : ℚ) / 32)	((15 : ℚ) / 16)	5	8608108477708009610644	3
segment	609	((15 : ℚ) / 16)	((31 : ℚ) / 32)	5	4972728588288684021603	3
segment	610	((31 : ℚ) / 32)	((63 : ℚ) / 64)	4	1410590702255978816325	1
segment	611	((63 : ℚ) / 64)	((1 : ℚ) / 1)	4	873146583505045965035	3
segment	612	((1 : ℚ) / 1)	((65 : ℚ) / 64)	4	478397306333483163629	3
segment	613	((65 : ℚ) / 64)	((131 : ℚ) / 128)	3	132581637132338793918	3
segment	614	((131 : ℚ) / 128)	((33 : ℚ) / 32)	3	83461498739753673014	3
segment	615	((33 : ℚ) / 32)	((133 : ℚ) / 128)	3	47275499168411654157	3
segment	616	((133 : ℚ) / 128)	((267 : ℚ) / 256)	2	14928959213183119576	3
segment	617	((267 : ℚ) / 256)	((67 : ℚ) / 64)	2	9609601322517139174	3
segment	618	((67 : ℚ) / 64)	((269 : ℚ) / 256)	2	5492889128884334344	3
segment	619	((269 : ℚ) / 256)	((539 : ℚ) / 512)	1	1903320045123879836	3
segment	620	((539 : ℚ) / 512)	((135 : ℚ) / 128)	1	1399006042698039210	3
segment	621	((135 : ℚ) / 128)	((541 : ℚ) / 512)	1	803253596624846853	3
segment	622	((541 : ℚ) / 512)	((271 : ℚ) / 256)	1	782044795279881090	3
segment	623	((271 : ℚ) / 256)	((543 : ℚ) / 512)	1	299501491416164362	3
segment	624	((543 : ℚ) / 512)	((17 : ℚ) / 16)	1	44346881822786527	3
segment	625	((17 : ℚ) / 16)	((545 : ℚ) / 512)	1	0	3
segment	626	((545 : ℚ) / 512)	((273 : ℚ) / 256)	1	0	3
segment	627	((273 : ℚ) / 256)	((547 : ℚ) / 512)	1	0	3
segment	628	((547 : ℚ) / 512)	((137 : ℚ) / 128)	1	0	3
segment	629	((137 : ℚ) / 128)	((549 : ℚ) / 512)	1	0	3
segment	630	((549 : ℚ) / 512)	((275 : ℚ) / 256)	1	0	3
segment	631	((275 : ℚ) / 256)	((551 : ℚ) / 512)	1	0	3
segment	632	((551 : ℚ) / 512)	((69 : ℚ) / 64)	1	0	3
segment	633	((69 : ℚ) / 64)	((553 : ℚ) / 512)	1	0	3
segment	634	((553 : ℚ) / 512)	((277 : ℚ) / 256)	1	27088089990343448	3
segment	635	((277 : ℚ) / 256)	((555 : ℚ) / 512)	1	79806186051132775	3
segment	636	((555 : ℚ) / 512)	((139 : ℚ) / 128)	1	84898182632687917	3
segment	637	((139 : ℚ) / 128)	((557 : ℚ) / 512)	1	41178852396063129	3
segment	638	((557 : ℚ) / 512)	((279 : ℚ) / 256)	1	0	3
segment	639	((279 : ℚ) / 256)	((559 : ℚ) / 512)	1	20314215777008080	3
segment	640	((559 : ℚ) / 512)	((35 : ℚ) / 32)	1	160506570854159137	3
segment	641	((35 : ℚ) / 32)	((561 : ℚ) / 512)	1	294655187996740807	3
segment	642	((561 : ℚ) / 512)	((281 : ℚ) / 256)	1	322287230440467311	3
segment	643	((281 : ℚ) / 256)	((563 : ℚ) / 512)	1	271682636894998903	3
segment	644	((563 : ℚ) / 512)	((141 : ℚ) / 128)	1	180248362019352783	3
segment	645	((141 : ℚ) / 128)	((565 : ℚ) / 512)	1	221742963321764863	3
segment	646	((565 : ℚ) / 512)	((283 : ℚ) / 256)	1	396984291553611172	3
segment	647	((283 : ℚ) / 256)	((567 : ℚ) / 512)	1	534549641077757606	3
segment	648	((567 : ℚ) / 512)	((71 : ℚ) / 64)	1	538013918417657458	3
segment	649	((71 : ℚ) / 64)	((569 : ℚ) / 512)	1	409186398830130828	3
segment	650	((569 : ℚ) / 512)	((285 : ℚ) / 256)	1	180952050953359333	3
segment	651	((285 : ℚ) / 256)	((571 : ℚ) / 512)	1	18157284664173521	3
segment	652	((571 : ℚ) / 512)	((143 : ℚ) / 128)	1	39956805488756874	3
segment	653	((143 : ℚ) / 128)	((573 : ℚ) / 512)	1	159668745520509930	3
segment	654	((573 : ℚ) / 512)	((287 : ℚ) / 256)	1	220548150685688163	3
segment	655	((287 : ℚ) / 256)	((575 : ℚ) / 512)	1	207240361431539005	3
segment	656	((575 : ℚ) / 512)	((9 : ℚ) / 8)	1	132366507340881974	3
segment	657	((9 : ℚ) / 8)	((577 : ℚ) / 512)	1	42249199850560884	3
segment	658	((577 : ℚ) / 512)	((289 : ℚ) / 256)	1	0	3
segment	659	((289 : ℚ) / 256)	((579 : ℚ) / 512)	1	0	3
segment	660	((579 : ℚ) / 512)	((145 : ℚ) / 128)	1	0	3
segment	661	((145 : ℚ) / 128)	((581 : ℚ) / 512)	1	0	3
segment	662	((581 : ℚ) / 512)	((291 : ℚ) / 256)	1	0	3
segment	663	((291 : ℚ) / 256)	((583 : ℚ) / 512)	1	0	3
segment	664	((583 : ℚ) / 512)	((73 : ℚ) / 64)	1	0	3
segment	665	((73 : ℚ) / 64)	((585 : ℚ) / 512)	1	0	3
segment	666	((585 : ℚ) / 512)	((293 : ℚ) / 256)	1	0	3
segment	667	((293 : ℚ) / 256)	((587 : ℚ) / 512)	1	0	3
segment	668	((587 : ℚ) / 512)	((147 : ℚ) / 128)	1	0	3
segment	669	((147 : ℚ) / 128)	((589 : ℚ) / 512)	1	0	3
segment	670	((589 : ℚ) / 512)	((295 : ℚ) / 256)	1	0	3
segment	671	((295 : ℚ) / 256)	((591 : ℚ) / 512)	1	0	3
segment	672	((591 : ℚ) / 512)	((37 : ℚ) / 32)	1	0	3
segment	673	((37 : ℚ) / 32)	((593 : ℚ) / 512)	1	0	3
segment	674	((593 : ℚ) / 512)	((297 : ℚ) / 256)	1	0	3
segment	675	((297 : ℚ) / 256)	((595 : ℚ) / 512)	1	0	3
segment	676	((595 : ℚ) / 512)	((149 : ℚ) / 128)	1	0	3
segment	677	((149 : ℚ) / 128)	((597 : ℚ) / 512)	1	0	3
segment	678	((597 : ℚ) / 512)	((299 : ℚ) / 256)	1	0	3
segment	679	((299 : ℚ) / 256)	((599 : ℚ) / 512)	1	0	3
segment	680	((599 : ℚ) / 512)	((75 : ℚ) / 64)	1	0	3
segment	681	((75 : ℚ) / 64)	((601 : ℚ) / 512)	1	0	3
segment	682	((601 : ℚ) / 512)	((301 : ℚ) / 256)	1	0	3
segment	683	((301 : ℚ) / 256)	((603 : ℚ) / 512)	1	0	3
segment	684	((603 : ℚ) / 512)	((151 : ℚ) / 128)	1	0	3
segment	685	((151 : ℚ) / 128)	((605 : ℚ) / 512)	1	0	3
segment	686	((605 : ℚ) / 512)	((303 : ℚ) / 256)	1	0	3
segment	687	((303 : ℚ) / 256)	((607 : ℚ) / 512)	1	0	3
segment	688	((607 : ℚ) / 512)	((19 : ℚ) / 16)	1	0	3
segment	689	((19 : ℚ) / 16)	((609 : ℚ) / 512)	1	0	3
segment	690	((609 : ℚ) / 512)	((305 : ℚ) / 256)	1	0	3
segment	691	((305 : ℚ) / 256)	((611 : ℚ) / 512)	1	0	3
segment	692	((611 : ℚ) / 512)	((153 : ℚ) / 128)	1	0	3
segment	693	((153 : ℚ) / 128)	((613 : ℚ) / 512)	1	723356574486563	3
segment	694	((613 : ℚ) / 512)	((307 : ℚ) / 256)	1	31268017674765678	3
segment	695	((307 : ℚ) / 256)	((615 : ℚ) / 512)	1	63182452788247437	3
segment	696	((615 : ℚ) / 512)	((77 : ℚ) / 64)	1	69472781801993712	3
segment	697	((77 : ℚ) / 64)	((617 : ℚ) / 512)	1	54872178876612226	3
segment	698	((617 : ℚ) / 512)	((309 : ℚ) / 256)	1	20515656493638189	3
segment	699	((309 : ℚ) / 256)	((619 : ℚ) / 512)	1	0	3
segment	700	((619 : ℚ) / 512)	((155 : ℚ) / 128)	1	0	3
segment	701	((155 : ℚ) / 128)	((621 : ℚ) / 512)	1	0	3
segment	702	((621 : ℚ) / 512)	((311 : ℚ) / 256)	1	0	3
segment	703	((311 : ℚ) / 256)	((623 : ℚ) / 512)	1	0	3
segment	704	((623 : ℚ) / 512)	((39 : ℚ) / 32)	1	0	3
segment	705	((39 : ℚ) / 32)	((625 : ℚ) / 512)	1	0	3
segment	706	((625 : ℚ) / 512)	((313 : ℚ) / 256)	1	0	3
segment	707	((313 : ℚ) / 256)	((627 : ℚ) / 512)	1	0	3
segment	708	((627 : ℚ) / 512)	((157 : ℚ) / 128)	1	0	3
segment	709	((157 : ℚ) / 128)	((629 : ℚ) / 512)	1	0	3
segment	710	((629 : ℚ) / 512)	((315 : ℚ) / 256)	1	0	3
segment	711	((315 : ℚ) / 256)	((631 : ℚ) / 512)	1	0	3
segment	712	((631 : ℚ) / 512)	((79 : ℚ) / 64)	1	0	3
segment	713	((79 : ℚ) / 64)	((633 : ℚ) / 512)	1	0	3
segment	714	((633 : ℚ) / 512)	((317 : ℚ) / 256)	1	0	3
segment	715	((317 : ℚ) / 256)	((635 : ℚ) / 512)	1	0	3
segment	716	((635 : ℚ) / 512)	((159 : ℚ) / 128)	1	0	3
segment	717	((159 : ℚ) / 128)	((637 : ℚ) / 512)	1	0	3
segment	718	((637 : ℚ) / 512)	((319 : ℚ) / 256)	1	0	3
segment	719	((319 : ℚ) / 256)	((639 : ℚ) / 512)	1	0	3
segment	720	((639 : ℚ) / 512)	((5 : ℚ) / 4)	1	0	3
segment	721	((5 : ℚ) / 4)	((641 : ℚ) / 512)	1	0	3
segment	722	((641 : ℚ) / 512)	((321 : ℚ) / 256)	1	0	3
segment	723	((321 : ℚ) / 256)	((643 : ℚ) / 512)	1	0	3
segment	724	((643 : ℚ) / 512)	((161 : ℚ) / 128)	1	0	3
segment	725	((161 : ℚ) / 128)	((645 : ℚ) / 512)	1	0	3
segment	726	((645 : ℚ) / 512)	((323 : ℚ) / 256)	1	0	3
segment	727	((323 : ℚ) / 256)	((647 : ℚ) / 512)	1	0	3
segment	728	((647 : ℚ) / 512)	((81 : ℚ) / 64)	1	0	3
segment	729	((81 : ℚ) / 64)	((649 : ℚ) / 512)	1	0	3
segment	730	((649 : ℚ) / 512)	((325 : ℚ) / 256)	1	0	3
segment	731	((325 : ℚ) / 256)	((651 : ℚ) / 512)	1	0	3
segment	732	((651 : ℚ) / 512)	((163 : ℚ) / 128)	1	0	3
segment	733	((163 : ℚ) / 128)	((653 : ℚ) / 512)	1	0	3
segment	734	((653 : ℚ) / 512)	((327 : ℚ) / 256)	1	0	3
segment	735	((327 : ℚ) / 256)	((655 : ℚ) / 512)	1	0	3
segment	736	((655 : ℚ) / 512)	((41 : ℚ) / 32)	1	0	3
segment	737	((41 : ℚ) / 32)	((657 : ℚ) / 512)	1	0	3
segment	738	((657 : ℚ) / 512)	((329 : ℚ) / 256)	1	0	3
segment	739	((329 : ℚ) / 256)	((659 : ℚ) / 512)	1	0	3
segment	740	((659 : ℚ) / 512)	((165 : ℚ) / 128)	1	0	3
segment	741	((165 : ℚ) / 128)	((661 : ℚ) / 512)	1	0	3
segment	742	((661 : ℚ) / 512)	((331 : ℚ) / 256)	1	0	3
segment	743	((331 : ℚ) / 256)	((663 : ℚ) / 512)	1	0	3
segment	744	((663 : ℚ) / 512)	((83 : ℚ) / 64)	1	0	3
segment	745	((83 : ℚ) / 64)	((665 : ℚ) / 512)	1	0	3
segment	746	((665 : ℚ) / 512)	((333 : ℚ) / 256)	1	0	3
segment	747	((333 : ℚ) / 256)	((667 : ℚ) / 512)	1	0	3
segment	748	((667 : ℚ) / 512)	((167 : ℚ) / 128)	1	0	3
segment	749	((167 : ℚ) / 128)	((669 : ℚ) / 512)	1	0	3
segment	750	((669 : ℚ) / 512)	((335 : ℚ) / 256)	1	0	3
segment	751	((335 : ℚ) / 256)	((671 : ℚ) / 512)	1	0	3
segment	752	((671 : ℚ) / 512)	((21 : ℚ) / 16)	1	0	3
segment	753	((21 : ℚ) / 16)	((673 : ℚ) / 512)	1	0	3
segment	754	((673 : ℚ) / 512)	((337 : ℚ) / 256)	1	0	3
segment	755	((337 : ℚ) / 256)	((675 : ℚ) / 512)	1	0	3
segment	756	((675 : ℚ) / 512)	((169 : ℚ) / 128)	1	0	3
segment	757	((169 : ℚ) / 128)	((677 : ℚ) / 512)	1	0	3
segment	758	((677 : ℚ) / 512)	((339 : ℚ) / 256)	1	0	3
segment	759	((339 : ℚ) / 256)	((679 : ℚ) / 512)	1	0	3
segment	760	((679 : ℚ) / 512)	((85 : ℚ) / 64)	1	0	3
segment	761	((85 : ℚ) / 64)	((681 : ℚ) / 512)	1	0	3
segment	762	((681 : ℚ) / 512)	((341 : ℚ) / 256)	1	0	3
segment	763	((341 : ℚ) / 256)	((683 : ℚ) / 512)	1	0	3
segment	764	((683 : ℚ) / 512)	((171 : ℚ) / 128)	1	0	3
segment	765	((171 : ℚ) / 128)	((685 : ℚ) / 512)	1	0	3
segment	766	((685 : ℚ) / 512)	((343 : ℚ) / 256)	1	0	3
segment	767	((343 : ℚ) / 256)	((687 : ℚ) / 512)	1	0	3
segment	768	((687 : ℚ) / 512)	((43 : ℚ) / 32)	1	0	3
segment	769	((43 : ℚ) / 32)	((689 : ℚ) / 512)	1	0	3
segment	770	((689 : ℚ) / 512)	((345 : ℚ) / 256)	1	0	3
segment	771	((345 : ℚ) / 256)	((691 : ℚ) / 512)	1	0	3
segment	772	((691 : ℚ) / 512)	((173 : ℚ) / 128)	1	0	3
segment	773	((173 : ℚ) / 128)	((693 : ℚ) / 512)	1	0	3
segment	774	((693 : ℚ) / 512)	((347 : ℚ) / 256)	1	0	3
segment	775	((347 : ℚ) / 256)	((695 : ℚ) / 512)	1	0	3
segment	776	((695 : ℚ) / 512)	((87 : ℚ) / 64)	1	0	3
segment	777	((87 : ℚ) / 64)	((697 : ℚ) / 512)	1	0	3
segment	778	((697 : ℚ) / 512)	((349 : ℚ) / 256)	1	0	3
segment	779	((349 : ℚ) / 256)	((699 : ℚ) / 512)	1	0	3
segment	780	((699 : ℚ) / 512)	((175 : ℚ) / 128)	1	0	3
segment	781	((175 : ℚ) / 128)	((701 : ℚ) / 512)	1	0	3
segment	782	((701 : ℚ) / 512)	((351 : ℚ) / 256)	1	0	3
segment	783	((351 : ℚ) / 256)	((703 : ℚ) / 512)	1	0	3
segment	784	((703 : ℚ) / 512)	((11 : ℚ) / 8)	1	0	3
segment	785	((11 : ℚ) / 8)	((705 : ℚ) / 512)	1	0	3
segment	786	((705 : ℚ) / 512)	((353 : ℚ) / 256)	1	0	3
segment	787	((353 : ℚ) / 256)	((707 : ℚ) / 512)	1	0	3
segment	788	((707 : ℚ) / 512)	((177 : ℚ) / 128)	1	0	3
segment	789	((177 : ℚ) / 128)	((709 : ℚ) / 512)	1	0	3
segment	790	((709 : ℚ) / 512)	((355 : ℚ) / 256)	1	0	3
segment	791	((355 : ℚ) / 256)	((711 : ℚ) / 512)	1	0	3
segment	792	((711 : ℚ) / 512)	((89 : ℚ) / 64)	1	0	3
segment	793	((89 : ℚ) / 64)	((713 : ℚ) / 512)	1	0	3
segment	794	((713 : ℚ) / 512)	((357 : ℚ) / 256)	1	0	3
segment	795	((357 : ℚ) / 256)	((715 : ℚ) / 512)	1	0	3
segment	796	((715 : ℚ) / 512)	((179 : ℚ) / 128)	1	0	3
segment	797	((179 : ℚ) / 128)	((717 : ℚ) / 512)	1	0	3
segment	798	((717 : ℚ) / 512)	((359 : ℚ) / 256)	1	0	3
segment	799	((359 : ℚ) / 256)	((719 : ℚ) / 512)	1	0	3
segment	800	((719 : ℚ) / 512)	((45 : ℚ) / 32)	1	0	3
segment	801	((45 : ℚ) / 32)	((721 : ℚ) / 512)	1	0	3
segment	802	((721 : ℚ) / 512)	((361 : ℚ) / 256)	1	0	3
segment	803	((361 : ℚ) / 256)	((723 : ℚ) / 512)	1	0	3
segment	804	((723 : ℚ) / 512)	((181 : ℚ) / 128)	1	0	3
segment	805	((181 : ℚ) / 128)	((725 : ℚ) / 512)	1	0	3
segment	806	((725 : ℚ) / 512)	((363 : ℚ) / 256)	1	0	3
segment	807	((363 : ℚ) / 256)	((727 : ℚ) / 512)	1	0	3
segment	808	((727 : ℚ) / 512)	((91 : ℚ) / 64)	1	0	3
segment	809	((91 : ℚ) / 64)	((729 : ℚ) / 512)	1	0	3
segment	810	((729 : ℚ) / 512)	((365 : ℚ) / 256)	1	0	3
segment	811	((365 : ℚ) / 256)	((731 : ℚ) / 512)	1	0	3
segment	812	((731 : ℚ) / 512)	((183 : ℚ) / 128)	1	0	3
segment	813	((183 : ℚ) / 128)	((733 : ℚ) / 512)	1	0	3
segment	814	((733 : ℚ) / 512)	((367 : ℚ) / 256)	1	0	3
segment	815	((367 : ℚ) / 256)	((735 : ℚ) / 512)	1	0	3
segment	816	((735 : ℚ) / 512)	((23 : ℚ) / 16)	1	0	3
segment	817	((23 : ℚ) / 16)	((737 : ℚ) / 512)	1	0	3
segment	818	((737 : ℚ) / 512)	((369 : ℚ) / 256)	1	0	3
segment	819	((369 : ℚ) / 256)	((739 : ℚ) / 512)	1	0	3
segment	820	((739 : ℚ) / 512)	((185 : ℚ) / 128)	1	0	3
segment	821	((185 : ℚ) / 128)	((741 : ℚ) / 512)	1	0	3
segment	822	((741 : ℚ) / 512)	((371 : ℚ) / 256)	1	0	3
segment	823	((371 : ℚ) / 256)	((743 : ℚ) / 512)	1	0	3
segment	824	((743 : ℚ) / 512)	((93 : ℚ) / 64)	1	0	3
segment	825	((93 : ℚ) / 64)	((745 : ℚ) / 512)	1	0	3
segment	826	((745 : ℚ) / 512)	((373 : ℚ) / 256)	1	0	3
segment	827	((373 : ℚ) / 256)	((747 : ℚ) / 512)	1	0	3
segment	828	((747 : ℚ) / 512)	((187 : ℚ) / 128)	1	0	3
segment	829	((187 : ℚ) / 128)	((749 : ℚ) / 512)	1	0	3
segment	830	((749 : ℚ) / 512)	((375 : ℚ) / 256)	1	0	3
segment	831	((375 : ℚ) / 256)	((751 : ℚ) / 512)	1	0	3
segment	832	((751 : ℚ) / 512)	((47 : ℚ) / 32)	1	0	3
segment	833	((47 : ℚ) / 32)	((753 : ℚ) / 512)	1	0	3
segment	834	((753 : ℚ) / 512)	((377 : ℚ) / 256)	1	0	3
segment	835	((377 : ℚ) / 256)	((755 : ℚ) / 512)	1	0	3
segment	836	((755 : ℚ) / 512)	((189 : ℚ) / 128)	1	0	3
segment	837	((189 : ℚ) / 128)	((757 : ℚ) / 512)	1	0	3
segment	838	((757 : ℚ) / 512)	((379 : ℚ) / 256)	1	0	3
segment	839	((379 : ℚ) / 256)	((759 : ℚ) / 512)	1	0	3
segment	840	((759 : ℚ) / 512)	((95 : ℚ) / 64)	1	0	3
segment	841	((95 : ℚ) / 64)	((761 : ℚ) / 512)	1	0	3
segment	842	((761 : ℚ) / 512)	((381 : ℚ) / 256)	1	0	3
segment	843	((381 : ℚ) / 256)	((763 : ℚ) / 512)	1	0	3
segment	844	((763 : ℚ) / 512)	((191 : ℚ) / 128)	1	0	3
segment	845	((191 : ℚ) / 128)	((765 : ℚ) / 512)	1	0	3
segment	846	((765 : ℚ) / 512)	((383 : ℚ) / 256)	1	0	3
segment	847	((383 : ℚ) / 256)	((767 : ℚ) / 512)	1	0	3
segment	848	((767 : ℚ) / 512)	((3 : ℚ) / 2)	1	0	3
segment	849	((3 : ℚ) / 2)	((769 : ℚ) / 512)	1	0	3
segment	850	((769 : ℚ) / 512)	((385 : ℚ) / 256)	1	0	3
segment	851	((385 : ℚ) / 256)	((771 : ℚ) / 512)	1	0	3
segment	852	((771 : ℚ) / 512)	((193 : ℚ) / 128)	1	0	3
segment	853	((193 : ℚ) / 128)	((773 : ℚ) / 512)	1	0	3
segment	854	((773 : ℚ) / 512)	((387 : ℚ) / 256)	1	0	3
segment	855	((387 : ℚ) / 256)	((775 : ℚ) / 512)	1	0	3
segment	856	((775 : ℚ) / 512)	((97 : ℚ) / 64)	1	0	3
segment	857	((97 : ℚ) / 64)	((777 : ℚ) / 512)	1	0	3
segment	858	((777 : ℚ) / 512)	((389 : ℚ) / 256)	1	0	3
segment	859	((389 : ℚ) / 256)	((779 : ℚ) / 512)	1	0	3
segment	860	((779 : ℚ) / 512)	((195 : ℚ) / 128)	1	0	3
segment	861	((195 : ℚ) / 128)	((781 : ℚ) / 512)	1	0	3
segment	862	((781 : ℚ) / 512)	((391 : ℚ) / 256)	1	0	3
segment	863	((391 : ℚ) / 256)	((783 : ℚ) / 512)	1	0	3
segment	864	((783 : ℚ) / 512)	((49 : ℚ) / 32)	1	0	3
segment	865	((49 : ℚ) / 32)	((785 : ℚ) / 512)	1	0	3
segment	866	((785 : ℚ) / 512)	((393 : ℚ) / 256)	1	0	3
segment	867	((393 : ℚ) / 256)	((787 : ℚ) / 512)	1	0	3
segment	868	((787 : ℚ) / 512)	((197 : ℚ) / 128)	1	0	3
segment	869	((197 : ℚ) / 128)	((789 : ℚ) / 512)	1	0	3
segment	870	((789 : ℚ) / 512)	((395 : ℚ) / 256)	1	0	3
segment	871	((395 : ℚ) / 256)	((791 : ℚ) / 512)	1	0	3
segment	872	((791 : ℚ) / 512)	((99 : ℚ) / 64)	1	0	3
segment	873	((99 : ℚ) / 64)	((793 : ℚ) / 512)	1	0	3
segment	874	((793 : ℚ) / 512)	((397 : ℚ) / 256)	1	0	3
segment	875	((397 : ℚ) / 256)	((795 : ℚ) / 512)	1	0	3
segment	876	((795 : ℚ) / 512)	((199 : ℚ) / 128)	1	0	3
segment	877	((199 : ℚ) / 128)	((797 : ℚ) / 512)	1	0	3
segment	878	((797 : ℚ) / 512)	((399 : ℚ) / 256)	1	0	3
segment	879	((399 : ℚ) / 256)	((799 : ℚ) / 512)	1	0	3
segment	880	((799 : ℚ) / 512)	((25 : ℚ) / 16)	1	0	3
segment	881	((25 : ℚ) / 16)	((801 : ℚ) / 512)	1	0	3
segment	882	((801 : ℚ) / 512)	((401 : ℚ) / 256)	1	0	3
segment	883	((401 : ℚ) / 256)	((803 : ℚ) / 512)	1	0	3
segment	884	((803 : ℚ) / 512)	((201 : ℚ) / 128)	1	0	3
segment	885	((201 : ℚ) / 128)	((805 : ℚ) / 512)	1	0	3
segment	886	((805 : ℚ) / 512)	((403 : ℚ) / 256)	1	0	3
segment	887	((403 : ℚ) / 256)	((807 : ℚ) / 512)	1	0	3
segment	888	((807 : ℚ) / 512)	((101 : ℚ) / 64)	1	0	3
segment	889	((101 : ℚ) / 64)	((809 : ℚ) / 512)	1	0	3
segment	890	((809 : ℚ) / 512)	((405 : ℚ) / 256)	1	0	3
segment	891	((405 : ℚ) / 256)	((811 : ℚ) / 512)	1	0	3
segment	892	((811 : ℚ) / 512)	((203 : ℚ) / 128)	1	0	3
segment	893	((203 : ℚ) / 128)	((813 : ℚ) / 512)	1	0	3
segment	894	((813 : ℚ) / 512)	((407 : ℚ) / 256)	1	0	3
segment	895	((407 : ℚ) / 256)	((815 : ℚ) / 512)	1	0	3
segment	896	((815 : ℚ) / 512)	((51 : ℚ) / 32)	1	0	3
segment	897	((51 : ℚ) / 32)	((817 : ℚ) / 512)	1	0	3
segment	898	((817 : ℚ) / 512)	((409 : ℚ) / 256)	1	0	3
segment	899	((409 : ℚ) / 256)	((819 : ℚ) / 512)	1	0	3
segment	900	((819 : ℚ) / 512)	((205 : ℚ) / 128)	1	0	3
segment	901	((205 : ℚ) / 128)	((821 : ℚ) / 512)	1	0	3
segment	902	((821 : ℚ) / 512)	((411 : ℚ) / 256)	1	0	3
segment	903	((411 : ℚ) / 256)	((823 : ℚ) / 512)	1	0	3
segment	904	((823 : ℚ) / 512)	((103 : ℚ) / 64)	1	0	3
segment	905	((103 : ℚ) / 64)	((825 : ℚ) / 512)	1	0	3
segment	906	((825 : ℚ) / 512)	((413 : ℚ) / 256)	1	0	3
segment	907	((413 : ℚ) / 256)	((827 : ℚ) / 512)	1	0	3
segment	908	((827 : ℚ) / 512)	((207 : ℚ) / 128)	1	0	3
segment	909	((207 : ℚ) / 128)	((829 : ℚ) / 512)	1	0	3
segment	910	((829 : ℚ) / 512)	((415 : ℚ) / 256)	1	0	3
segment	911	((415 : ℚ) / 256)	((831 : ℚ) / 512)	1	0	3
segment	912	((831 : ℚ) / 512)	((13 : ℚ) / 8)	1	0	3
segment	913	((13 : ℚ) / 8)	((833 : ℚ) / 512)	1	0	3
segment	914	((833 : ℚ) / 512)	((417 : ℚ) / 256)	1	0	3
segment	915	((417 : ℚ) / 256)	((835 : ℚ) / 512)	1	0	3
segment	916	((835 : ℚ) / 512)	((209 : ℚ) / 128)	1	0	3
segment	917	((209 : ℚ) / 128)	((837 : ℚ) / 512)	1	0	3
segment	918	((837 : ℚ) / 512)	((419 : ℚ) / 256)	1	0	3
segment	919	((419 : ℚ) / 256)	((839 : ℚ) / 512)	1	0	3
segment	920	((839 : ℚ) / 512)	((105 : ℚ) / 64)	1	0	3
segment	921	((105 : ℚ) / 64)	((841 : ℚ) / 512)	1	0	3
segment	922	((841 : ℚ) / 512)	((421 : ℚ) / 256)	1	0	3
segment	923	((421 : ℚ) / 256)	((843 : ℚ) / 512)	1	0	3
segment	924	((843 : ℚ) / 512)	((211 : ℚ) / 128)	1	0	3
segment	925	((211 : ℚ) / 128)	((845 : ℚ) / 512)	1	0	3
segment	926	((845 : ℚ) / 512)	((423 : ℚ) / 256)	1	0	3
segment	927	((423 : ℚ) / 256)	((847 : ℚ) / 512)	1	0	3
segment	928	((847 : ℚ) / 512)	((53 : ℚ) / 32)	1	0	3
segment	929	((53 : ℚ) / 32)	((849 : ℚ) / 512)	1	0	3
segment	930	((849 : ℚ) / 512)	((425 : ℚ) / 256)	1	0	3
segment	931	((425 : ℚ) / 256)	((851 : ℚ) / 512)	1	0	3
segment	932	((851 : ℚ) / 512)	((213 : ℚ) / 128)	1	0	3
segment	933	((213 : ℚ) / 128)	((853 : ℚ) / 512)	1	0	3
segment	934	((853 : ℚ) / 512)	((427 : ℚ) / 256)	1	0	3
segment	935	((427 : ℚ) / 256)	((855 : ℚ) / 512)	1	0	3
segment	936	((855 : ℚ) / 512)	((107 : ℚ) / 64)	1	0	3
segment	937	((107 : ℚ) / 64)	((857 : ℚ) / 512)	1	0	3
segment	938	((857 : ℚ) / 512)	((429 : ℚ) / 256)	1	0	3
segment	939	((429 : ℚ) / 256)	((859 : ℚ) / 512)	1	0	3
segment	940	((859 : ℚ) / 512)	((215 : ℚ) / 128)	1	0	3
segment	941	((215 : ℚ) / 128)	((861 : ℚ) / 512)	1	0	3
segment	942	((861 : ℚ) / 512)	((431 : ℚ) / 256)	1	0	3
segment	943	((431 : ℚ) / 256)	((863 : ℚ) / 512)	1	0	3
segment	944	((863 : ℚ) / 512)	((27 : ℚ) / 16)	1	0	3
segment	945	((27 : ℚ) / 16)	((865 : ℚ) / 512)	1	0	3
segment	946	((865 : ℚ) / 512)	((433 : ℚ) / 256)	1	0	3
segment	947	((433 : ℚ) / 256)	((867 : ℚ) / 512)	1	0	3
segment	948	((867 : ℚ) / 512)	((217 : ℚ) / 128)	1	0	3
segment	949	((217 : ℚ) / 128)	((869 : ℚ) / 512)	1	0	3
segment	950	((869 : ℚ) / 512)	((435 : ℚ) / 256)	1	0	3
segment	951	((435 : ℚ) / 256)	((871 : ℚ) / 512)	1	0	3
segment	952	((871 : ℚ) / 512)	((109 : ℚ) / 64)	1	0	3
segment	953	((109 : ℚ) / 64)	((873 : ℚ) / 512)	1	0	3
segment	954	((873 : ℚ) / 512)	((437 : ℚ) / 256)	1	0	3
segment	955	((437 : ℚ) / 256)	((875 : ℚ) / 512)	1	0	3
segment	956	((875 : ℚ) / 512)	((219 : ℚ) / 128)	1	0	3
segment	957	((219 : ℚ) / 128)	((877 : ℚ) / 512)	1	0	3
segment	958	((877 : ℚ) / 512)	((439 : ℚ) / 256)	1	0	3
segment	959	((439 : ℚ) / 256)	((879 : ℚ) / 512)	1	0	3
segment	960	((879 : ℚ) / 512)	((55 : ℚ) / 32)	1	0	3
segment	961	((55 : ℚ) / 32)	((881 : ℚ) / 512)	1	0	3
segment	962	((881 : ℚ) / 512)	((441 : ℚ) / 256)	1	0	3
segment	963	((441 : ℚ) / 256)	((883 : ℚ) / 512)	1	0	3
segment	964	((883 : ℚ) / 512)	((221 : ℚ) / 128)	1	0	3
segment	965	((221 : ℚ) / 128)	((885 : ℚ) / 512)	1	0	3
segment	966	((885 : ℚ) / 512)	((443 : ℚ) / 256)	1	0	3
segment	967	((443 : ℚ) / 256)	((887 : ℚ) / 512)	1	0	3
segment	968	((887 : ℚ) / 512)	((111 : ℚ) / 64)	1	0	3
segment	969	((111 : ℚ) / 64)	((889 : ℚ) / 512)	1	0	3
segment	970	((889 : ℚ) / 512)	((445 : ℚ) / 256)	1	0	3
segment	971	((445 : ℚ) / 256)	((891 : ℚ) / 512)	1	0	3
segment	972	((891 : ℚ) / 512)	((223 : ℚ) / 128)	1	0	3
segment	973	((223 : ℚ) / 128)	((893 : ℚ) / 512)	1	0	3
segment	974	((893 : ℚ) / 512)	((447 : ℚ) / 256)	1	0	3
segment	975	((447 : ℚ) / 256)	((895 : ℚ) / 512)	1	0	3
segment	976	((895 : ℚ) / 512)	((7 : ℚ) / 4)	1	0	3
segment	977	((7 : ℚ) / 4)	((897 : ℚ) / 512)	1	0	3
segment	978	((897 : ℚ) / 512)	((449 : ℚ) / 256)	1	0	3
segment	979	((449 : ℚ) / 256)	((899 : ℚ) / 512)	1	0	3
segment	980	((899 : ℚ) / 512)	((225 : ℚ) / 128)	1	0	3
segment	981	((225 : ℚ) / 128)	((901 : ℚ) / 512)	1	0	3
segment	982	((901 : ℚ) / 512)	((451 : ℚ) / 256)	1	0	3
segment	983	((451 : ℚ) / 256)	((903 : ℚ) / 512)	1	0	3
segment	984	((903 : ℚ) / 512)	((113 : ℚ) / 64)	1	0	3
segment	985	((113 : ℚ) / 64)	((905 : ℚ) / 512)	1	0	3
segment	986	((905 : ℚ) / 512)	((453 : ℚ) / 256)	1	0	3
segment	987	((453 : ℚ) / 256)	((907 : ℚ) / 512)	1	0	3
segment	988	((907 : ℚ) / 512)	((227 : ℚ) / 128)	1	0	3
segment	989	((227 : ℚ) / 128)	((909 : ℚ) / 512)	1	0	3
segment	990	((909 : ℚ) / 512)	((455 : ℚ) / 256)	1	0	3
segment	991	((455 : ℚ) / 256)	((911 : ℚ) / 512)	1	0	3
segment	992	((911 : ℚ) / 512)	((57 : ℚ) / 32)	1	0	3
segment	993	((57 : ℚ) / 32)	((913 : ℚ) / 512)	1	0	3
segment	994	((913 : ℚ) / 512)	((457 : ℚ) / 256)	1	0	3
segment	995	((457 : ℚ) / 256)	((915 : ℚ) / 512)	1	456886228486181	3
segment	996	((915 : ℚ) / 512)	((229 : ℚ) / 128)	1	0	3
segment	997	((229 : ℚ) / 128)	((917 : ℚ) / 512)	1	0	3
segment	998	((917 : ℚ) / 512)	((459 : ℚ) / 256)	1	0	3
segment	999	((459 : ℚ) / 256)	((919 : ℚ) / 512)	1	0	3
segment	1000	((919 : ℚ) / 512)	((115 : ℚ) / 64)	1	0	3
segment	1001	((115 : ℚ) / 64)	((921 : ℚ) / 512)	1	0	3
segment	1002	((921 : ℚ) / 512)	((461 : ℚ) / 256)	1	0	3
segment	1003	((461 : ℚ) / 256)	((923 : ℚ) / 512)	1	0	3
segment	1004	((923 : ℚ) / 512)	((231 : ℚ) / 128)	1	0	3
segment	1005	((231 : ℚ) / 128)	((925 : ℚ) / 512)	1	0	3
segment	1006	((925 : ℚ) / 512)	((463 : ℚ) / 256)	1	0	3
segment	1007	((463 : ℚ) / 256)	((29 : ℚ) / 16)	2	0	3
segment	1008	((29 : ℚ) / 16)	((465 : ℚ) / 256)	2	0	3
segment	1009	((465 : ℚ) / 256)	((233 : ℚ) / 128)	2	0	3
segment	1010	((233 : ℚ) / 128)	((467 : ℚ) / 256)	2	0	3
segment	1011	((467 : ℚ) / 256)	((117 : ℚ) / 64)	2	0	3
segment	1012	((117 : ℚ) / 64)	((937 : ℚ) / 512)	1	0	1
segment	1013	((937 : ℚ) / 512)	((469 : ℚ) / 256)	1	0	3
segment	1014	((469 : ℚ) / 256)	((939 : ℚ) / 512)	1	0	3
segment	1015	((939 : ℚ) / 512)	((235 : ℚ) / 128)	1	0	3
segment	1016	((235 : ℚ) / 128)	((941 : ℚ) / 512)	1	0	3
segment	1017	((941 : ℚ) / 512)	((471 : ℚ) / 256)	1	0	3
segment	1018	((471 : ℚ) / 256)	((943 : ℚ) / 512)	1	23341988626289655	3
segment	1019	((943 : ℚ) / 512)	((59 : ℚ) / 32)	1	30242288687255163	3
segment	1020	((59 : ℚ) / 32)	((945 : ℚ) / 512)	1	0	3
segment	1021	((945 : ℚ) / 512)	((473 : ℚ) / 256)	1	0	3
segment	1022	((473 : ℚ) / 256)	((947 : ℚ) / 512)	1	39390306849345087	3
segment	1023	((947 : ℚ) / 512)	((237 : ℚ) / 128)	1	65538077792578272	3
segment	1024	((237 : ℚ) / 128)	((949 : ℚ) / 512)	1	7810053962052761	3
segment	1025	((949 : ℚ) / 512)	((475 : ℚ) / 256)	1	0	3
segment	1026	((475 : ℚ) / 256)	((951 : ℚ) / 512)	1	149661594340057068	3
segment	1027	((951 : ℚ) / 512)	((119 : ℚ) / 64)	1	362017539245694306	3
segment	1028	((119 : ℚ) / 64)	((953 : ℚ) / 512)	1	116665567376341086	3
segment	1029	((953 : ℚ) / 512)	((477 : ℚ) / 256)	1	0	3
segment	1030	((477 : ℚ) / 256)	((239 : ℚ) / 128)	2	0	3
segment	1031	((239 : ℚ) / 128)	((15 : ℚ) / 8)	3	0	3
segment	1032	((15 : ℚ) / 8)	((121 : ℚ) / 64)	4	0	3
segment	1033	((121 : ℚ) / 64)	((61 : ℚ) / 32)	4	0	3
segment	1034	((61 : ℚ) / 32)	((31 : ℚ) / 16)	5	0	3
segment	1035	((31 : ℚ) / 16)	((63 : ℚ) / 32)	5	0	1
segment	1036	((63 : ℚ) / 32)	((2 : ℚ) / 1)	5	0	1
frontier	1037	maxnodes	3
total	1208542331961476103894512	canonical	1208542331961476103894512
row3 cells=128 depth=5 budget=75533895747592256493407/75557863725914323419136
